user_id,first_name,last_name,age,email,country,postal_code,favorite_color,booking_price,booking_date,booking_duration
1,Nicolas,Plumb,57,nplumb0@dmoz.org,China,,green,508.77,8/19/2022,26
2,Fidelity,Webland,66,fwebland1@123-reg.co.uk,Russia,394075,blue,919.31,6/27/2022,3
3,Catherine,Fisher,49,cfisher2@adobe.com,Zambia,,red,377.16,9/16/2022,10
4,Carline,Skough,65,cskough3@senate.gov,Uganda,,green,743.74,4/6/2022,21
5,Alexandros,Hiseman,53,ahiseman4@fema.gov,Kenya,,red,773.02,3/12/2022,1
6,Alejandrina,Stainburn,83,astainburn5@goodreads.com,Czech Republic,739 97,green,506.69,6/11/2022,24
7,Natala,Fakeley,72,nfakeley6@goodreads.com,Bosnia and Herzegovina,,blue,950.04,10/27/2022,10
8,Dreddy,Schleicher,23,dschleicher7@tripadvisor.com,Poland,26-640,red,706.4,10/12/2022,2
9,Hyman,Leisman,23,hleisman8@umich.edu,Indonesia,,green,592.87,9/13/2022,5
10,Gwenette,Inkpin,26,ginkpin9@ucoz.com,Thailand,27120,green,467.28,7/6/2022,11
11,Leigh,Deason,74,ldeasona@rambler.ru,Colombia,055018,red,413.19,9/18/2022,18
12,Olivier,Steward,77,ostewardb@ocn.ne.jp,Ukraine,,red,621.1,2/7/2022,29
13,Cirilo,Bane,79,cbanec@usa.gov,Brazil,11680-000,green,235.42,8/4/2022,16
14,Cookie,Govan,27,cgovand@wikia.com,Indonesia,,blue,610.69,4/17/2022,27
15,Shayla,Bonsul,36,sbonsule@lulu.com,Philippines,2910,blue,916.63,11/23/2022,11
16,Tam,Rammell,84,trammellf@umich.edu,Indonesia,,blue,316.66,5/30/2022,9
17,Devi,Radki,66,dradkig@addthis.com,Argentina,5461,green,770.68,4/22/2022,22
18,Nevins,Weaver,72,nweaverh@amazon.de,Bosnia and Herzegovina,,green,147.71,2/7/2022,25
19,Audi,Ruste,84,arustei@ft.com,Russia,356503,blue,940.33,9/23/2022,10
20,Buckie,Klosterman,46,bklostermanj@gmpg.org,Indonesia,,green,950.11,9/29/2022,26
21,Tania,Yantsurev,60,tyantsurevk@qq.com,Argentina,5856,red,620.53,8/6/2022,1
22,Mollee,Nutbeam,18,mnutbeaml@creativecommons.org,Ireland,D18,red,992.16,12/4/2022,20
23,Wilie,Pellman,85,wpellmanm@time.com,China,,blue,605.41,10/30/2022,28
24,Augusto,Bagnall,23,abagnalln@who.int,Indonesia,,blue,109.95,5/16/2022,29
25,Hamnet,Eim,40,heimo@twitpic.com,Russia,397608,blue,596.93,4/14/2022,10
26,Evangelia,Eisikowitch,33,eeisikowitchp@spiegel.de,China,,blue,802.24,2/19/2022,23
27,Marga,Corkill,79,mcorkillq@webs.com,Slovenia,3600,red,479.65,12/29/2022,25
28,Jamie,Frape,52,jfraper@php.net,Indonesia,,green,445.13,9/21/2022,18
29,Cherri,Ansteys,38,cansteyss@hexun.com,China,,blue,792.96,11/25/2022,8
30,Nehemiah,Pales,56,npalest@prweb.com,China,,blue,536.06,7/23/2022,15
31,Richmond,Rickcord,26,rrickcordu@free.fr,Angola,,red,758.93,8/10/2022,23
32,Jayme,Lorens,40,jlorensv@sogou.com,Paraguay,,blue,561.23,2/17/2022,11
33,Sibylla,Hembrow,51,shembroww@webs.com,Canada,M5T,red,763.93,11/21/2022,16
34,Catharina,Coyett,41,ccoyettx@bing.com,Russia,658059,green,525.05,12/26/2022,6
35,Stanfield,Seid,59,sseidy@cafepress.com,Argentina,6233,blue,953.94,1/16/2022,24
36,Annaliese,Bestiman,29,abestimanz@youtube.com,France,13503 CEDEX,blue,242.82,10/28/2022,29
37,Natal,Glasgow,85,nglasgow10@meetup.com,Ireland,D06,green,165.13,4/24/2022,4
38,Jere,Marcq,58,jmarcq11@tamu.edu,Afghanistan,,red,660.59,5/13/2022,11
39,Babette,Pallesen,67,bpallesen12@dell.com,China,,green,486.7,12/7/2022,8
40,Loutitia,Vuittet,71,lvuittet13@usnews.com,China,,green,537.65,2/11/2022,20
41,Morris,Philpault,69,mphilpault14@youtube.com,China,,blue,489.92,6/27/2022,5
42,Dani,Belding,69,dbelding15@si.edu,Indonesia,,red,119.17,2/10/2022,27
43,Udall,Geroldo,55,ugeroldo16@cmu.edu,China,,red,658.3,9/23/2022,30
44,Isa,Keling,73,ikeling17@nps.gov,Armenia,,red,150.46,5/8/2022,24
45,Phil,Siddall,39,psiddall18@microsoft.com,China,,red,424.07,4/18/2022,21
46,Cully,Meuse,43,cmeuse19@i2i.jp,Argentina,3240,blue,476.12,1/5/2022,10
47,Renie,Moncrefe,78,rmoncrefe1a@theatlantic.com,Philippines,3507,red,812.16,8/19/2022,27
48,Eryn,Bullin,18,ebullin1b@va.gov,China,,green,394.6,5/6/2022,7
49,Malcolm,Oldfield-Cherry,57,moldfieldcherry1c@cnn.com,Mexico,51016,red,700.59,2/28/2022,4
50,Derry,Lownsbrough,21,dlownsbrough1d@geocities.jp,Russia,142855,green,67.26,5/5/2022,29
51,Hazel,Littledike,75,hlittledike1e@princeton.edu,Poland,21-146,red,844.68,2/22/2022,25
52,Ivy,Grovier,68,igrovier1f@hatena.ne.jp,Nicaragua,,blue,299.91,10/30/2022,18
53,Ingunna,Hartus,30,ihartus1g@slate.com,Guatemala,03017,blue,331.6,4/27/2022,2
54,Nanny,Condliffe,70,ncondliffe1h@cisco.com,American Samoa,96799,green,506.59,2/1/2022,11
55,Steffi,Levinge,28,slevinge1i@about.com,Palestinian Territory,,green,566.66,12/2/2022,8
56,Tomaso,Nock,82,tnock1j@symantec.com,Ukraine,,blue,155.15,4/8/2022,7
57,Aurelie,Cantos,64,acantos1k@skyrock.com,Indonesia,,blue,652.1,1/10/2022,21
58,Emogene,McVey,34,emcvey1l@theatlantic.com,Portugal,4600-741,red,47.78,2/22/2022,21
59,Dallas,Ellacombe,42,dellacombe1m@twitter.com,Russia,694440,red,654.85,7/29/2022,7
60,Leonid,Galland,71,lgalland1n@mozilla.org,Canada,G6G,green,93.16,8/18/2022,16
61,Karisa,Gelland,59,kgelland1o@de.vu,Sweden,361 31,blue,710.4,9/15/2022,8
62,Roland,Anneslie,27,ranneslie1p@nationalgeographic.com,Brazil,96500-000,blue,247.14,11/6/2022,28
63,Terrye,Cabral,65,tcabral1q@creativecommons.org,Guinea,,red,224.89,1/23/2022,22
64,Sigfried,Patriskson,46,spatriskson1r@1und1.de,China,,blue,693.68,9/20/2022,30
65,Gertrud,Morrieson,40,gmorrieson1s@boston.com,Philippines,7114,red,97.82,6/27/2022,15
66,Lucinda,Patriskson,76,lpatriskson1t@washingtonpost.com,Portugal,2865-613,green,53.57,8/18/2022,7
67,Monti,Stobie,57,mstobie1u@nasa.gov,Serbia,,blue,732.68,10/29/2022,18
68,Jacky,Barnwille,23,jbarnwille1v@purevolume.com,South Africa,5688,green,627.41,1/31/2022,16
69,Rodrigo,Gorling,30,rgorling1w@myspace.com,Japan,853-0704,green,48.31,8/30/2022,16
70,Shaun,Kaysor,47,skaysor1x@angelfire.com,Ukraine,,blue,870.57,12/29/2022,30
71,Zondra,Skill,43,zskill1y@marriott.com,Senegal,,green,959.67,9/13/2022,22
72,Kelsey,Goldingay,77,kgoldingay1z@furl.net,United States,23277,green,170.62,3/17/2022,2
73,Geri,Tome,55,gtome20@privacy.gov.au,China,,red,984.91,10/5/2022,30
74,Eran,Edes,32,eedes21@walmart.com,Kazakhstan,,green,928.49,10/26/2022,28
75,Tandie,Jirusek,58,tjirusek22@gizmodo.com,Sweden,144 30,red,657.31,7/16/2022,12
76,Clarine,Fraanchyonok,50,cfraanchyonok23@salon.com,Indonesia,,red,141.99,10/24/2022,10
77,Fredi,Baruch,58,fbaruch24@shutterfly.com,Indonesia,,red,373.13,11/3/2022,9
78,Brier,Frusher,83,bfrusher25@vkontakte.ru,South Africa,5370,green,709.0,4/24/2022,4
79,Perl,Greer,76,pgreer26@geocities.com,Indonesia,,green,604.74,7/8/2022,4
80,Carroll,Parrot,25,cparrot27@surveymonkey.com,Philippines,8511,green,647.97,2/7/2022,13
81,Dulcia,Sives,31,dsives28@blogtalkradio.com,Indonesia,,blue,140.88,6/27/2022,28
82,Chandler,Pavolini,71,cpavolini29@ucla.edu,Thailand,64180,blue,831.17,1/14/2022,14
83,Kaja,Crabb,29,kcrabb2a@spotify.com,Iran,,blue,274.63,11/18/2022,11
84,Karna,Bentley,45,kbentley2b@si.edu,Portugal,5400-339,red,715.09,7/29/2022,14
85,Weber,Gregory,23,wgregory2c@huffingtonpost.com,Russia,679230,red,634.6,4/22/2022,5
86,Paulie,Garnul,29,pgarnul2d@yahoo.com,Russia,352037,green,564.14,9/4/2022,18
87,Sharia,Bowe,52,sbowe2e@bandcamp.com,Indonesia,,red,743.87,8/22/2022,22
88,Frannie,Woollons,51,fwoollons2f@plala.or.jp,China,,blue,645.63,9/21/2022,12
89,Maisey,Swalowe,54,mswalowe2g@census.gov,Kenya,,green,821.05,7/7/2022,2
90,Ginger,Maffin,18,gmaffin2h@diigo.com,China,,green,360.83,8/15/2022,13
91,Minetta,Trimme,52,mtrimme2i@amazon.co.jp,Indonesia,,red,919.81,10/8/2022,9
92,Malena,Duplock,32,mduplock2j@kickstarter.com,Brazil,12955-000,blue,392.95,4/26/2022,7
93,Jami,Robbe,85,jrobbe2k@nasa.gov,Russia,646100,blue,401.77,5/11/2022,23
94,Nefen,Drynan,69,ndrynan2l@123-reg.co.uk,Russia,141707,green,337.5,5/24/2022,30
95,Leone,Bernt,71,lbernt2m@histats.com,Iraq,,blue,252.11,4/3/2022,30
96,Del,Jeannot,63,djeannot2n@1und1.de,Argentina,3706,red,57.14,6/10/2022,30
97,Charis,Hasnip,77,chasnip2o@bing.com,Indonesia,,blue,990.99,7/31/2022,24
98,Paxon,Trytsman,44,ptrytsman2p@who.int,Poland,34-382,red,239.44,1/26/2022,24
99,Alwin,Lobb,69,alobb2q@google.de,Philippines,8311,blue,386.35,12/14/2022,24
100,Cayla,Theuss,59,ctheuss2r@reddit.com,Tunisia,,green,801.05,2/2/2022,13
101,Zena,Liston,66,zliston2s@nasa.gov,Mexico,45306,blue,106.76,4/27/2022,28
102,Devonne,Bauman,47,dbauman2t@cloudflare.com,Brazil,18480-000,red,894.44,4/2/2022,20
103,Angelita,Helliker,33,ahelliker2u@mozilla.org,China,,red,828.47,3/9/2022,2
104,Jamima,Koubek,75,jkoubek2v@feedburner.com,Indonesia,,blue,987.64,12/6/2022,5
105,Theresa,Swatradge,32,tswatradge2w@reuters.com,Azerbaijan,,blue,840.0,11/26/2022,5
106,Clevey,Aymeric,47,caymeric2x@buzzfeed.com,China,,green,257.41,8/8/2022,10
107,Shoshanna,Ganiclef,61,sganiclef2y@lycos.com,Indonesia,,red,208.09,10/12/2022,2
108,Reba,Paolotto,34,rpaolotto2z@reuters.com,Indonesia,,green,229.27,11/25/2022,3
109,Dix,Grzegorecki,39,dgrzegorecki30@github.com,China,,red,388.51,3/28/2022,15
110,Onida,Cinavas,42,ocinavas31@vk.com,Greece,,red,932.94,11/30/2022,28
111,Pauli,Colloff,83,pcolloff32@marketwatch.com,Indonesia,,green,13.8,2/23/2022,16
112,Candis,Ronaldson,34,cronaldson33@ibm.com,Indonesia,,blue,979.46,11/22/2022,11
113,Lane,McHardy,52,lmchardy34@macromedia.com,United States,32255,green,883.58,6/3/2022,5
114,Marget,Collinwood,35,mcollinwood35@google.fr,Honduras,,blue,80.78,6/7/2022,1
115,Kristan,Rushbrook,67,krushbrook36@shutterfly.com,Russia,171679,blue,639.1,9/14/2022,21
116,Tadd,Bills,82,tbills37@walmart.com,China,,green,702.55,6/11/2022,8
117,Nick,Hoggan,44,nhoggan38@europa.eu,Russia,678179,blue,867.58,3/10/2022,28
118,Seumas,Wagnerin,32,swagnerin39@bravesites.com,Syria,,blue,731.65,11/24/2022,9
119,Westleigh,Milksop,74,wmilksop3a@over-blog.com,Bulgaria,4181,green,972.72,5/6/2022,3
120,Kareem,Polet,28,kpolet3b@goodreads.com,China,,blue,603.17,1/5/2022,9
121,Ag,Aronovich,19,aaronovich3c@ucoz.com,China,,red,318.12,10/1/2022,20
122,Christine,Janas,43,cjanas3d@nasa.gov,Yemen,,red,342.07,4/20/2022,17
123,Kenneth,Durrett,32,kdurrett3e@msn.com,Russia,184621,red,920.82,4/17/2022,28
124,Thomasin,Scotland,75,tscotland3f@fda.gov,Norway,4025,blue,364.9,8/19/2022,3
125,Bertina,Partleton,44,bpartleton3g@epa.gov,Albania,,green,644.94,7/13/2022,11
126,Celisse,Davet,59,cdavet3h@amazon.co.jp,Poland,58-564,green,175.48,2/7/2022,27
127,Hubie,Shewery,28,hshewery3i@hhs.gov,China,,red,426.5,10/19/2022,23
128,Halley,Fellnee,53,hfellnee3j@comcast.net,Russia,413093,red,986.7,4/6/2022,12
129,Arleyne,Petroff,54,apetroff3k@nba.com,Ethiopia,,blue,664.06,8/19/2022,27
130,Lib,Reddan,69,lreddan3l@yelp.com,Brazil,88545-000,blue,955.32,5/4/2022,1
131,Anya,Prestland,51,aprestland3m@yahoo.com,China,,red,982.27,5/31/2022,4
132,Nico,Petrovsky,60,npetrovsky3n@reference.com,Colombia,812019,red,596.84,9/29/2022,4
133,Debbie,Noirel,52,dnoirel3o@twitter.com,Japan,939-1733,red,72.43,9/23/2022,22
134,Benoite,Dearnaly,68,bdearnaly3p@storify.com,China,,green,916.64,3/3/2022,15
135,Marvin,Moorhead,51,mmoorhead3q@example.com,China,,green,547.41,4/6/2022,29
136,Elna,O'Hoey,26,eohoey3r@imdb.com,Iran,,green,366.91,4/25/2022,15
137,Thea,Earpe,84,tearpe3s@ebay.co.uk,Thailand,70130,green,970.38,7/31/2022,10
138,Heindrick,Kalisch,70,hkalisch3t@simplemachines.org,France,91049 CEDEX,green,697.83,5/24/2022,1
139,Payton,Kubalek,42,pkubalek3u@oakley.com,Indonesia,,blue,411.86,7/8/2022,30
140,Dacie,Clavey,68,dclavey3v@csmonitor.com,Portugal,4770-073,green,942.88,2/22/2022,3
141,Amelina,Fairburne,53,afairburne3w@rediff.com,Sudan,,green,705.48,9/23/2022,16
142,Wandie,Giblin,64,wgiblin3x@xing.com,Indonesia,,blue,345.07,11/12/2022,6
143,Page,Binham,56,pbinham3y@nature.com,South Africa,0398,blue,859.68,7/5/2022,30
144,Jonathan,Hiddsley,77,jhiddsley3z@1und1.de,Kenya,,green,500.17,5/8/2022,29
145,Leslie,Goodbar,81,lgoodbar40@nbcnews.com,South Korea,,red,247.23,9/23/2022,6
146,Tyne,Iannetti,36,tiannetti41@hexun.com,Greece,,green,328.13,8/8/2022,21
147,Paloma,Silley,18,psilley42@rakuten.co.jp,Philippines,8209,green,739.68,5/13/2022,21
148,Ollie,Vandrill,23,ovandrill43@sitemeter.com,Finland,38601,red,161.18,2/16/2022,13
149,Zebulon,Cribbott,52,zcribbott44@google.fr,Thailand,10250,blue,151.73,10/30/2022,3
150,Jarret,Chislett,19,jchislett45@surveymonkey.com,China,,green,929.48,6/11/2022,7
151,Fanechka,Grigori,70,fgrigori46@eventbrite.com,Mexico,69200,red,613.38,11/14/2022,4
152,Gregor,Isoldi,60,gisoldi47@miibeian.gov.cn,Egypt,,blue,377.07,12/16/2022,13
153,Bobbe,McKew,37,bmckew48@youtu.be,China,,red,762.68,9/21/2022,25
154,Gilberte,Ferrer,59,gferrer49@godaddy.com,Indonesia,,green,217.84,7/9/2022,4
155,Fitz,Rosendale,32,frosendale4a@state.tx.us,Japan,999-3145,green,0.91,10/2/2022,4
156,Alexa,Ginnelly,62,aginnelly4b@topsy.com,Norway,0712,red,998.13,1/27/2022,19
157,Karin,Paynes,81,kpaynes4c@oaic.gov.au,China,,red,323.82,4/29/2022,19
158,Carey,Carrel,44,ccarrel4d@ycombinator.com,China,,green,79.45,10/6/2022,10
159,Mort,McQuilty,63,mmcquilty4e@unc.edu,Indonesia,,blue,443.35,10/30/2022,11
160,Riane,Derycot,77,rderycot4f@goo.ne.jp,Bangladesh,3807,green,320.85,9/3/2022,24
161,Odelia,Twiggins,53,otwiggins4g@bloomberg.com,China,,green,399.58,6/3/2022,25
162,Gypsy,Leipnik,22,gleipnik4h@archive.org,Russia,142308,green,570.92,11/21/2022,18
163,Louis,Paulou,18,lpaulou4i@chicagotribune.com,Canada,T7A,green,689.83,10/13/2022,16
164,Mellisent,Lyngsted,66,mlyngsted4j@hc360.com,Indonesia,,blue,412.97,2/18/2022,6
165,Martyn,Hardaway,83,mhardaway4k@ezinearticles.com,Russia,671331,red,450.68,8/19/2022,9
166,Cindy,Skarr,83,cskarr4l@ebay.co.uk,Greece,,green,838.38,4/14/2022,29
167,Haskel,Allery,70,hallery4m@cpanel.net,Indonesia,,red,341.34,2/19/2022,2
168,Merrilee,Screeton,37,mscreeton4n@ocn.ne.jp,Indonesia,,red,30.87,7/25/2022,10
169,Marita,Chaulk,82,mchaulk4o@icq.com,United States,20404,red,977.92,2/7/2022,13
170,Leela,Cordie,75,lcordie4p@washington.edu,Philippines,4023,blue,313.38,9/22/2022,6
171,Budd,Lortz,19,blortz4q@tumblr.com,Zambia,,red,145.07,8/17/2022,17
172,Barry,Bantick,19,bbantick4r@multiply.com,Sweden,417 02,blue,63.39,11/19/2022,24
173,Rebeka,Grute,36,rgrute4s@google.es,Serbia,,red,560.66,7/20/2022,14
174,Brnaby,Atwool,37,batwool4t@g.co,Sweden,168 00,green,185.36,1/19/2022,30
175,Noe,Andersson,36,nandersson4u@businessweek.com,Indonesia,,green,0.15,10/22/2022,18
176,Teirtza,Wiggington,60,twiggington4v@uol.com.br,France,93737 CEDEX 9,blue,753.58,1/27/2022,24
177,Bevan,Bramhill,63,bbramhill4w@hp.com,Germany,80995,green,697.3,11/13/2022,22
178,Archibold,Sitlinton,80,asitlinton4x@tiny.cc,Philippines,7213,green,951.81,2/21/2022,3
179,Cherie,Pellew,80,cpellew4y@flavors.me,Uruguay,,blue,729.8,5/17/2022,2
180,Glori,Bastick,46,gbastick4z@reverbnation.com,Guadeloupe,97171 CEDEX,green,338.59,7/26/2022,20
181,Alis,Edlestone,50,aedlestone50@com.com,Portugal,2985-129,green,211.15,12/20/2022,23
182,Bram,Shuttle,29,bshuttle51@hugedomains.com,Indonesia,,blue,472.16,5/22/2022,23
183,Adelice,McMurthy,33,amcmurthy52@dmoz.org,China,,green,125.95,3/11/2022,24
184,Kendre,Bracchi,50,kbracchi53@yandex.ru,Sri Lanka,30000,blue,137.61,5/4/2022,30
185,Sonny,Stack,51,sstack54@51.la,Russia,143818,blue,994.53,2/27/2022,16
186,Minerva,Triplett,22,mtriplett55@bizjournals.com,Philippines,6712,blue,225.73,10/19/2022,18
187,Nickey,Rooke,62,nrooke56@nytimes.com,Indonesia,,red,54.41,7/15/2022,22
188,Wilow,Sedgwick,55,wsedgwick57@opera.com,China,,green,218.36,10/29/2022,29
189,Anastasie,Carsberg,79,acarsberg58@dion.ne.jp,Sweden,116 30,blue,759.2,2/20/2022,23
190,Ines,Sarjent,50,isarjent59@shop-pro.jp,Brazil,37640-000,blue,433.44,11/27/2022,30
191,Hester,Kilsby,48,hkilsby5a@reuters.com,Western Sahara,,green,772.8,4/28/2022,7
192,Killian,Keggins,84,kkeggins5b@jalbum.net,Russia,682560,green,328.03,3/23/2022,21
193,Brittni,Decreuze,85,bdecreuze5c@angelfire.com,Philippines,6405,blue,953.49,8/11/2022,14
194,Heall,Darrow,24,hdarrow5d@psu.edu,Philippines,3801,red,357.95,10/29/2022,18
195,Mirabel,McAllaster,22,mmcallaster5e@taobao.com,Palestinian Territory,,red,444.8,7/14/2022,26
196,Mollee,Kobisch,69,mkobisch5f@omniture.com,Czech Republic,671 82,red,872.16,10/9/2022,21
197,Karmen,Thirlaway,54,kthirlaway5g@quantcast.com,Cameroon,,green,929.79,10/2/2022,4
198,Dilan,Ivashintsov,82,divashintsov5h@howstuffworks.com,Greece,,red,968.26,2/10/2022,15
199,Barnett,Proudlove,49,bproudlove5i@google.com,Benin,,green,451.89,1/29/2022,28
200,George,Blethyn,31,gblethyn5j@jiathis.com,China,,green,955.83,4/20/2022,16
201,Chico,Harvey,79,charvey5k@booking.com,Ukraine,,blue,446.19,10/19/2022,9
202,Currie,Belleny,71,cbelleny5l@economist.com,Japan,999-7767,red,879.78,7/7/2022,7
203,Erin,Spink,60,espink5m@microsoft.com,Portugal,2540-664,red,738.0,10/17/2022,21
204,Howie,Witson,61,hwitson5n@skyrock.com,Indonesia,,blue,636.73,8/3/2022,15
205,Willy,Basham,24,wbasham5o@tripadvisor.com,Japan,882-1622,green,868.96,9/19/2022,24
206,Ebeneser,Korlat,59,ekorlat5p@mozilla.com,France,94019 CEDEX,green,562.06,8/25/2022,29
207,Wash,Peche,63,wpeche5q@is.gd,Portugal,4980-233,red,156.93,3/26/2022,9
208,Adora,Ledram,74,aledram5r@indiegogo.com,Mexico,37861,blue,812.12,10/23/2022,29
209,Maighdiln,Sailor,56,msailor5s@businessweek.com,China,,green,702.2,7/23/2022,8
210,Carlin,Whall,55,cwhall5t@printfriendly.com,China,,red,401.53,4/5/2022,8
211,Bartie,Hembrow,41,bhembrow5u@mozilla.com,North Korea,,green,590.57,10/18/2022,1
212,Padriac,Caley,83,pcaley5v@imdb.com,Paraguay,,green,51.45,10/6/2022,4
213,Beatrix,Nanelli,83,bnanelli5w@stanford.edu,Sweden,563 32,red,978.72,1/24/2022,5
214,Brianna,Derricoat,55,bderricoat5x@bravesites.com,Malaysia,10550,red,68.33,3/19/2022,8
215,Alexa,Amberson,19,aamberson5y@feedburner.com,Ivory Coast,,green,190.57,3/20/2022,18
216,Hewie,Cheyney,53,hcheyney5z@thetimes.co.uk,Indonesia,,green,692.95,10/28/2022,27
217,Alexandros,Matuszewski,84,amatuszewski60@marketwatch.com,Colombia,152257,red,211.96,9/4/2022,9
218,Charmaine,Brooksby,61,cbrooksby61@tiny.cc,Philippines,4312,blue,694.67,8/19/2022,24
219,Giusto,Hegarty,40,ghegarty62@feedburner.com,Angola,,green,590.04,5/23/2022,22
220,Anselm,Sergean,82,asergean63@elpais.com,China,,red,983.14,6/3/2022,21
221,Alexandra,Ullock,56,aullock64@geocities.com,Philippines,8012,blue,827.15,11/7/2022,17
222,Isidora,Pyrah,43,ipyrah65@tumblr.com,Portugal,4690-805,red,96.59,6/29/2022,7
223,Philippe,McKeag,56,pmckeag66@independent.co.uk,China,,blue,247.53,6/23/2022,7
224,Lise,Osbourn,70,losbourn67@instagram.com,Poland,59-706,blue,563.03,10/30/2022,23
225,Guenna,Bront,55,gbront68@timesonline.co.uk,South Africa,1841,red,161.53,6/28/2022,4
226,Arley,Baynam,40,abaynam69@pinterest.com,China,,blue,26.49,9/9/2022,19
227,Janos,Chalfain,56,jchalfain6a@ezinearticles.com,China,,red,536.85,1/19/2022,23
228,Carlie,Toler,71,ctoler6b@networkadvertising.org,China,,blue,538.99,10/29/2022,28
229,Christoforo,Dymoke,33,cdymoke6c@storify.com,China,,green,940.82,11/15/2022,20
230,Hersh,Smaridge,47,hsmaridge6d@upenn.edu,China,,red,889.98,1/6/2022,20
231,Starlene,Butts,60,sbutts6e@blog.com,Brazil,47970-000,green,150.41,4/22/2022,14
232,Etta,Hizir,34,ehizir6f@who.int,Philippines,2301,red,412.9,1/1/2022,25
233,Mariann,Fasler,74,mfasler6g@blogs.com,Russia,694424,green,824.32,7/10/2022,26
234,Andreana,Clohessy,72,aclohessy6h@cornell.edu,Indonesia,,green,325.31,6/2/2022,13
235,Gram,Berzins,56,gberzins6i@ocn.ne.jp,Russia,633260,green,70.01,9/10/2022,6
236,Denver,Kindell,35,dkindell6j@github.io,Colombia,200018,green,33.41,9/26/2022,1
237,Tobe,Snelle,80,tsnelle6k@patch.com,Poland,64-061,blue,235.58,11/1/2022,16
238,Renae,Purser,23,rpurser6l@scientificamerican.com,Nigeria,,green,800.97,11/6/2022,19
239,Husain,Wildash,43,hwildash6m@vinaora.com,Indonesia,,green,263.71,9/10/2022,12
240,Jephthah,Sarl,21,jsarl6n@tinypic.com,Indonesia,,green,491.27,9/24/2022,9
241,Raynell,Gladdolph,56,rgladdolph6o@g.co,Greece,,red,865.42,11/24/2022,22
242,Mattie,Mollin,72,mmollin6p@addthis.com,Brazil,69670-000,green,904.48,10/7/2022,8
243,Stephanie,Simko,48,ssimko6q@epa.gov,Thailand,77120,red,700.32,6/30/2022,26
244,Fax,Caselli,38,fcaselli6r@blogger.com,Haiti,,red,714.47,5/28/2022,2
245,Walton,Eberz,56,weberz6s@google.com.br,Portugal,2950-127,blue,929.9,9/17/2022,29
246,Adler,Lockhart,34,alockhart6t@jalbum.net,Portugal,7200-202,blue,368.13,10/26/2022,9
247,Beverley,Trodden,64,btrodden6u@imgur.com,Indonesia,,green,940.18,10/5/2022,29
248,Emera,Wadman,54,ewadman6v@miitbeian.gov.cn,Poland,37-127,blue,137.33,2/21/2022,9
249,Dulsea,Lascell,35,dlascell6w@oaic.gov.au,Brazil,45630-000,red,298.59,5/4/2022,8
250,Jase,Chrismas,42,jchrismas6x@mayoclinic.com,Poland,73-132,blue,489.86,3/23/2022,30
251,Kellen,McBeath,23,kmcbeath6y@zdnet.com,Czech Republic,679 63,green,847.99,12/27/2022,23
252,Rodrigo,Pigne,22,rpigne6z@blogspot.com,Russia,396943,blue,819.31,9/9/2022,19
253,Codee,Delatour,53,cdelatour70@1und1.de,Vietnam,,blue,934.89,11/7/2022,13
254,Keelia,McShirie,57,kmcshirie71@sfgate.com,Bosnia and Herzegovina,,red,468.89,10/2/2022,24
255,Andris,Mereweather,67,amereweather72@un.org,Indonesia,,blue,542.59,12/14/2022,30
256,Leandra,Scherme,26,lscherme73@github.com,Honduras,,red,422.62,7/31/2022,7
257,Binni,Caunce,68,bcaunce74@ask.com,Iran,,blue,191.81,4/24/2022,1
258,Edlin,Lathee,19,elathee75@harvard.edu,Japan,426-0061,green,900.23,6/23/2022,19
259,Evered,Lepere,27,elepere76@eventbrite.com,Indonesia,,red,351.87,6/22/2022,19
260,Cele,Dominighi,75,cdominighi77@technorati.com,China,,blue,207.4,10/8/2022,24
261,Brig,Dyott,51,bdyott78@ted.com,Indonesia,,blue,809.08,8/14/2022,18
262,Derron,Hatwell,71,dhatwell79@gizmodo.com,Peru,,blue,586.18,9/20/2022,14
263,Gwenora,Smallwood,70,gsmallwood7a@clickbank.net,Netherlands,7909,red,266.38,1/22/2022,1
264,Cody,Owtram,53,cowtram7b@narod.ru,China,,blue,401.9,8/6/2022,9
265,Hally,Drepp,49,hdrepp7c@pcworld.com,China,,blue,690.82,1/16/2022,7
266,Vincents,Nowlan,80,vnowlan7d@clickbank.net,Mexico,54927,blue,572.66,11/5/2022,16
267,Oliviero,Teague,40,oteague7e@sbwire.com,Syria,,green,330.49,6/1/2022,8
268,Fitz,Regis,47,fregis7f@bloglines.com,Philippines,4323,red,195.51,4/15/2022,19
269,Ulises,Akester,62,uakester7g@google.de,Burkina Faso,,green,243.66,4/23/2022,2
270,Damien,d' Elboux,21,ddelboux7h@washingtonpost.com,Russia,456660,green,501.15,12/12/2022,5
271,Colman,Watmough,56,cwatmough7i@webeden.co.uk,China,,green,343.61,11/26/2022,13
272,Les,Toppes,24,ltoppes7j@woothemes.com,Brazil,46860-000,green,48.85,11/4/2022,13
273,Aurelea,Coper,77,acoper7k@wunderground.com,Costa Rica,41002,green,471.7,10/12/2022,13
274,Josselyn,Decaze,58,jdecaze7l@jiathis.com,Sweden,302 30,green,974.94,5/13/2022,19
275,Buffy,Bigrigg,29,bbigrigg7m@spotify.com,China,,green,666.34,9/15/2022,23
276,Editha,Greenshields,22,egreenshields7n@house.gov,Poland,62-220,blue,813.25,7/5/2022,26
277,Rici,Allwright,81,rallwright7o@eventbrite.com,Norway,4892,red,800.85,4/3/2022,16
278,Nathanil,Burman,36,nburman7p@newsvine.com,China,,blue,300.8,7/14/2022,20
279,Yancey,Madner,23,ymadner7q@zdnet.com,Faroe Islands,355,green,455.82,7/7/2022,19
280,Joanie,Cescon,19,jcescon7r@odnoklassniki.ru,Indonesia,,green,236.3,9/18/2022,10
281,Melloney,Saintpierre,79,msaintpierre7s@narod.ru,Russia,198264,red,791.75,3/2/2022,14
282,Nehemiah,Rolston,60,nrolston7t@usda.gov,Iran,,red,464.12,5/27/2022,5
283,Gerry,Hardy-Piggin,67,ghardypiggin7u@boston.com,Argentina,5250,green,639.22,12/5/2022,15
284,Clerkclaude,Guilloux,77,cguilloux7v@bravesites.com,Poland,17-132,red,907.62,3/3/2022,16
285,Winonah,Sieb,65,wsieb7w@wikispaces.com,Sweden,124 64,green,941.95,1/21/2022,5
286,Riccardo,Bonus,83,rbonus7x@typepad.com,Indonesia,,green,464.69,4/2/2022,12
287,Chere,Elix,41,celix7y@deviantart.com,Russia,427060,red,474.92,7/8/2022,1
288,Gayle,Berger,31,gberger7z@themeforest.net,United States,11044,green,971.5,5/6/2022,28
289,Sib,Carwardine,82,scarwardine80@furl.net,Indonesia,,blue,543.64,9/2/2022,18
290,Georgena,Murney,76,gmurney81@japanpost.jp,China,,green,521.78,6/7/2022,5
291,Melessa,Glasscock,82,mglasscock82@nps.gov,Russia,241902,blue,87.47,10/25/2022,6
292,Agneta,Jencken,36,ajencken83@ustream.tv,Sweden,771 50,blue,54.22,11/27/2022,12
293,Timmy,Mapstone,22,tmapstone84@cargocollective.com,Philippines,6227,red,675.19,5/11/2022,25
294,Berty,Angrick,25,bangrick85@cloudflare.com,Poland,02-072,blue,888.93,1/22/2022,30
295,Ertha,Wemyss,39,ewemyss86@pen.io,China,,red,359.53,3/2/2022,15
296,Artemis,Bassham,82,abassham87@sogou.com,Philippines,3503,blue,768.79,11/5/2022,28
297,Amabelle,Brendel,45,abrendel88@com.com,China,,green,293.64,3/31/2022,1
298,Pippa,Fealy,29,pfealy89@infoseek.co.jp,France,44101 CEDEX 4,green,700.49,7/7/2022,20
299,Errick,Lomasna,65,elomasna8a@clickbank.net,Colombia,052458,red,5.54,2/22/2022,10
300,Ardra,Jecks,63,ajecks8b@globo.com,Syria,,blue,219.5,8/17/2022,22
301,Dylan,Guerri,68,dguerri8c@businesswire.com,United States,33196,green,416.25,4/23/2022,18
302,Jeromy,Lintall,84,jlintall8d@bing.com,Azerbaijan,,blue,728.73,10/15/2022,6
303,Cherey,Nial,27,cnial8e@cafepress.com,French Polynesia,,green,848.38,10/2/2022,22
304,Kaile,Arnecke,21,karnecke8f@blogger.com,Iran,,blue,947.71,10/2/2022,14
305,Dudley,Lukins,74,dlukins8g@dmoz.org,Poland,34-650,blue,323.62,1/22/2022,4
306,Cheslie,Brokenshaw,74,cbrokenshaw8h@apache.org,Brazil,13600-000,blue,892.83,1/5/2022,14
307,Liliane,Twigge,75,ltwigge8i@gnu.org,China,,green,397.35,10/23/2022,20
308,Jolyn,Klejna,28,jklejna8j@drupal.org,Philippines,4425,red,626.72,1/7/2022,4
309,Tanney,Goskar,24,tgoskar8k@dyndns.org,Indonesia,,red,402.51,2/24/2022,29
310,Kenn,Traut,59,ktraut8l@youku.com,France,77109 CEDEX,red,435.22,1/15/2022,1
311,Rouvin,Golagley,36,rgolagley8m@google.cn,Philippines,7031,green,332.57,5/7/2022,12
312,Karilynn,Andrieu,42,kandrieu8n@mlb.com,Cuba,,red,366.96,11/22/2022,17
313,Major,Spight,21,mspight8o@mashable.com,Brazil,13940-000,green,208.05,7/18/2022,5
314,Bobine,Rablen,61,brablen8p@blog.com,Indonesia,,red,224.68,5/11/2022,16
315,Elora,Else,29,eelse8q@vk.com,Nigeria,,blue,874.69,11/4/2022,6
316,Ernie,Graalman,19,egraalman8r@tinyurl.com,Vietnam,,blue,917.88,3/30/2022,4
317,Chrissy,Keemar,53,ckeemar8s@free.fr,China,,red,239.17,3/2/2022,29
318,Tarah,Arnold,41,tarnold8t@prweb.com,Portugal,3080-352,blue,161.5,6/6/2022,23
319,Augusta,Fegan,22,afegan8u@rediff.com,New Caledonia,98839,blue,844.12,1/4/2022,13
320,Olimpia,Hurl,29,ohurl8v@biblegateway.com,Indonesia,,green,103.0,8/21/2022,5
321,Peg,Danbrook,66,pdanbrook8w@opensource.org,Iran,,red,86.77,9/28/2022,1
322,Nerty,Marquis,73,nmarquis8x@squidoo.com,Greece,,blue,131.85,5/3/2022,15
323,Warner,Sigart,26,wsigart8y@ucla.edu,Czech Republic,349 01,red,143.45,12/17/2022,29
324,Benjy,Selvester,41,bselvester8z@amazonaws.com,Philippines,8702,blue,396.63,9/30/2022,22
325,Rosemonde,D'Antoni,69,rdantoni90@ifeng.com,Indonesia,,green,388.57,7/14/2022,21
326,Xenia,Hawtin,29,xhawtin91@phoca.cz,Philippines,6088,red,818.82,5/2/2022,9
327,Kendricks,Marusyak,26,kmarusyak92@ibm.com,China,,green,641.58,7/21/2022,17
328,Darcy,Damsell,58,ddamsell93@bloglovin.com,Nigeria,,blue,178.09,9/9/2022,5
329,Arron,Elderidge,55,aelderidge94@histats.com,Brazil,78995-000,red,844.58,7/29/2022,11
330,Rennie,Gother,52,rgother95@google.nl,Nepal,,red,315.57,3/21/2022,25
331,Cherish,Ogley,64,cogley96@pagesperso-orange.fr,Japan,527-0087,red,465.16,4/28/2022,30
332,Dmitri,Cornu,66,dcornu97@google.ru,Croatia,31214,green,354.0,5/26/2022,25
333,Giovanna,Skells,32,gskells98@npr.org,China,,red,666.22,9/23/2022,2
334,Kelsey,Binny,24,kbinny99@uiuc.edu,France,22025 CEDEX 1,blue,98.82,3/10/2022,16
335,Scarlet,Fryer,85,sfryer9a@whitehouse.gov,China,,blue,114.13,8/23/2022,4
336,Latia,Hedworth,25,lhedworth9b@flavors.me,Guatemala,22011,red,530.25,2/21/2022,13
337,Agathe,Renol,72,arenol9c@dell.com,China,,blue,750.7,8/8/2022,11
338,Lisetta,Monard,43,lmonard9d@squidoo.com,Russia,658065,blue,27.11,5/29/2022,1
339,Florence,Tillett,66,ftillett9e@berkeley.edu,China,,blue,816.98,9/4/2022,29
340,Mil,MacCallum,47,mmaccallum9f@blinklist.com,Indonesia,,blue,69.43,2/13/2022,8
341,Morgana,Daughton,25,mdaughton9g@wunderground.com,Japan,869-6111,red,995.02,6/1/2022,23
342,Lorne,Hindrick,85,lhindrick9h@ox.ac.uk,Tunisia,,green,637.4,7/16/2022,22
343,Vasili,Wetherburn,58,vwetherburn9i@list-manage.com,Poland,09-142,blue,378.18,6/28/2022,29
344,Raychel,Prattington,80,rprattington9j@moonfruit.com,Indonesia,,green,249.08,12/27/2022,16
345,Riley,Brundale,25,rbrundale9k@bloglines.com,Sweden,507 52,blue,734.37,5/10/2022,28
346,Shirlee,Lindfors,36,slindfors9l@privacy.gov.au,Nigeria,,red,646.88,3/30/2022,15
347,Torr,Ridings,24,tridings9m@europa.eu,Philippines,4801,red,711.68,5/6/2022,4
348,Storm,Stenhouse,50,sstenhouse9n@ow.ly,Philippines,4213,green,882.01,9/9/2022,14
349,Eadith,Bras,37,ebras9o@about.com,Democratic Republic of the Congo,,blue,234.88,6/17/2022,13
350,Haley,Scotson,39,hscotson9p@facebook.com,Nigeria,,green,457.72,5/1/2022,19
351,Bone,Chern,25,bchern9q@unesco.org,Slovenia,8273,green,816.21,1/15/2022,16
352,Lizette,Pead,84,lpead9r@chicagotribune.com,Sweden,439 24,blue,619.99,2/9/2022,27
353,Rosamund,Ambridge,85,rambridge9s@ihg.com,China,,red,8.55,3/17/2022,2
354,Laina,Fuggles,56,lfuggles9t@samsung.com,Belarus,,green,244.94,12/29/2022,30
355,Trip,Gomby,28,tgomby9u@chicagotribune.com,Iraq,,red,813.9,11/8/2022,12
356,Arnie,Clifton,25,aclifton9v@cdbaby.com,China,,blue,40.69,2/5/2022,16
357,Sephira,Dudeney,21,sdudeney9w@cnn.com,United States,76178,red,139.11,3/24/2022,6
358,Georgy,Raigatt,79,graigatt9x@jigsy.com,Colombia,911018,green,600.31,3/18/2022,4
359,Pegeen,Tideswell,53,ptideswell9y@state.tx.us,China,,red,635.24,10/13/2022,30
360,Lynelle,Lindley,69,llindley9z@shinystat.com,Indonesia,,green,418.19,8/31/2022,13
361,Klarika,Guntrip,70,kguntripa0@photobucket.com,Syria,,blue,697.4,9/13/2022,16
362,Yurik,O' Mahony,45,yomahonya1@economist.com,Dominica,,red,649.08,11/12/2022,29
363,Carroll,Scotchmore,74,cscotchmorea2@paginegialle.it,Czech Republic,664 71,blue,180.43,2/12/2022,1
364,Pauli,De la Feld,63,pdelafelda3@weather.com,Spain,12005,red,80.0,1/29/2022,14
365,Tallie,Uzzell,22,tuzzella4@wunderground.com,Philippines,4325,green,538.12,1/10/2022,12
366,Cobby,Melin,43,cmelina5@smugmug.com,Canada,X0G,red,341.05,6/17/2022,24
367,Coriss,Necolds,26,cnecoldsa6@networkadvertising.org,Portugal,9625-025,blue,453.84,1/14/2022,1
368,Dania,Antonich,75,dantonicha7@businessinsider.com,Nicaragua,,blue,241.52,9/17/2022,20
369,Malvina,Korba,20,mkorbaa8@ed.gov,Syria,,blue,463.37,9/25/2022,11
370,Sayer,Inglish,54,singlisha9@tmall.com,Sweden,831 37,red,962.63,4/14/2022,1
371,Leeanne,Orbell,41,lorbellaa@businessweek.com,Nigeria,,red,20.98,9/26/2022,3
372,Randee,Bradmore,33,rbradmoreab@reuters.com,Poland,26-065,green,883.3,9/21/2022,6
373,Mallissa,Alderwick,61,malderwickac@ox.ac.uk,China,,blue,456.91,3/31/2022,27
374,Evangeline,Chidley,26,echidleyad@admin.ch,Nicaragua,,red,33.61,10/12/2022,10
375,Renard,Pauly,58,rpaulyae@flavors.me,Afghanistan,,blue,413.76,2/26/2022,13
376,Bernelle,Jodlowski,72,bjodlowskiaf@nps.gov,Uruguay,,green,354.08,1/3/2022,15
377,Rene,Surman,81,rsurmanag@spiegel.de,Philippines,5021,green,493.89,12/5/2022,15
378,Beatrisa,Epdell,21,bepdellah@usa.gov,Egypt,,green,322.69,3/20/2022,13
379,Cornie,Lohoar,38,clohoarai@nsw.gov.au,Finland,09220,green,58.22,8/13/2022,1
380,Sharleen,Beasleigh,81,sbeasleighaj@bravesites.com,Tanzania,,blue,385.64,8/2/2022,12
381,Mariquilla,Prozescky,35,mprozesckyak@un.org,Japan,948-0212,blue,536.16,8/12/2022,30
382,Shem,Dener,18,sdeneral@samsung.com,China,,green,421.31,6/17/2022,1
383,Aylmar,McCurdy,53,amccurdyam@wix.com,Bangladesh,1938,red,861.6,11/21/2022,29
384,Dre,Wark,63,dwarkan@booking.com,Philippines,9404,red,985.89,5/2/2022,5
385,Lauritz,Brundall,59,lbrundallao@networksolutions.com,United Kingdom,S33,green,229.97,11/13/2022,30
386,Sheffy,Jerrome,76,sjerromeap@cdbaby.com,Kosovo,,green,711.02,9/22/2022,16
387,Eden,List,81,elistaq@tinypic.com,Brazil,47800-000,blue,279.93,9/10/2022,23
388,Janice,Ayscough,36,jayscoughar@hatena.ne.jp,Portugal,2710-200,green,120.94,8/3/2022,2
389,Kaile,Ayshford,61,kayshfordas@reddit.com,Nigeria,,red,312.01,7/8/2022,11
390,Kayla,Danilewicz,32,kdanilewiczat@disqus.com,Portugal,7040-524,blue,664.63,11/10/2022,11
391,Jamison,Fewster,30,jfewsterau@e-recht24.de,France,84204 CEDEX,blue,254.29,8/30/2022,7
392,Michaelina,Korda,77,mkordaav@uiuc.edu,Palestinian Territory,,blue,711.52,5/28/2022,23
393,Dare,Mazzilli,85,dmazzilliaw@independent.co.uk,China,,blue,532.94,9/5/2022,26
394,Marci,Reaper,20,mreaperax@npr.org,Turks and Caicos Islands,,red,276.27,11/10/2022,20
395,Trista,Sayer,24,tsayeray@ihg.com,China,,green,66.69,12/17/2022,4
396,Tybie,Sheekey,61,tsheekeyaz@ocn.ne.jp,Portugal,8650-409,green,393.35,1/13/2022,13
397,Cristine,Letrange,47,cletrangeb0@usa.gov,China,,red,522.92,6/25/2022,23
398,Winnah,Bulward,61,wbulwardb1@forbes.com,Indonesia,,green,781.19,5/23/2022,17
399,Karlik,Boken,72,kbokenb2@histats.com,China,,red,744.26,10/21/2022,24
400,Augustine,Cumberledge,59,acumberledgeb3@kickstarter.com,China,,red,520.29,1/30/2022,23
401,Shauna,Honack,63,shonackb4@sourceforge.net,Mexico,87078,blue,682.56,12/21/2022,30
402,Royal,Delete,30,rdeleteb5@usda.gov,Portugal,7300-655,green,924.32,4/9/2022,9
403,Moreen,Leyson,55,mleysonb6@wordpress.com,Brazil,79200-000,red,57.82,2/9/2022,15
404,Marcille,Lilbourne,19,mlilbourneb7@nba.com,Russia,442895,green,192.58,9/23/2022,30
405,Patton,Nerger,37,pnergerb8@guardian.co.uk,China,,red,498.26,11/11/2022,4
406,Charlena,Lidgely,29,clidgelyb9@tripadvisor.com,China,,green,255.43,11/12/2022,29
407,Olenka,Bunn,46,obunnba@g.co,China,,red,659.78,2/11/2022,19
408,Redd,Clinning,41,rclinningbb@php.net,Sweden,182 74,blue,980.92,10/15/2022,17
409,Mella,Dymocke,69,mdymockebc@ow.ly,Morocco,,blue,978.57,3/27/2022,1
410,Abbye,Nund,26,anundbd@mlb.com,Thailand,21110,red,984.0,11/21/2022,14
411,David,Begin,31,dbeginbe@com.com,China,,green,68.82,6/11/2022,5
412,Godart,Quakley,19,gquakleybf@hubpages.com,China,,blue,872.82,7/16/2022,25
413,Kassi,Christie,45,kchristiebg@e-recht24.de,Macedonia,1408,blue,665.63,7/5/2022,9
414,Arleen,Atcherley,60,aatcherleybh@reverbnation.com,Russia,242315,red,270.97,8/11/2022,14
415,Olia,Halley,60,ohalleybi@seattletimes.com,China,,green,982.96,5/5/2022,22
416,Cybill,Ivanisov,47,civanisovbj@soundcloud.com,Brazil,28400-000,green,627.8,1/24/2022,6
417,Stafford,Gunderson,38,sgundersonbk@fc2.com,Philippines,6712,green,505.84,7/4/2022,12
418,Schuyler,Tomblett,52,stomblettbl@reuters.com,Poland,96-201,blue,313.5,11/12/2022,29
419,Constantia,Rodolf,56,crodolfbm@sohu.com,Colombia,056478,blue,769.62,1/27/2022,23
420,Desmond,Whimper,33,dwhimperbn@illinois.edu,Greece,,blue,196.93,12/22/2022,14
421,Thatch,Winskill,42,twinskillbo@ox.ac.uk,Philippines,6217,red,433.09,7/5/2022,29
422,Marielle,Gooderridge,65,mgooderridgebp@diigo.com,China,,red,483.4,10/13/2022,8
423,Ossie,Poate,51,opoatebq@washingtonpost.com,Portugal,2665-189,red,565.9,3/25/2022,10
424,Margette,Tuckley,77,mtuckleybr@salon.com,Pakistan,90150,blue,248.02,6/17/2022,27
425,Zsazsa,Belbin,31,zbelbinbs@umn.edu,Vietnam,,green,87.86,12/4/2022,9
426,Rozalie,Rowlstone,73,rrowlstonebt@marketwatch.com,Indonesia,,red,469.28,12/15/2022,5
427,Carlen,Charge,45,cchargebu@google.pl,Thailand,96190,green,546.8,11/25/2022,29
428,Ara,Serrurier,40,aserrurierbv@flavors.me,China,,blue,177.38,4/27/2022,23
429,Xymenes,Tunsley,55,xtunsleybw@nsw.gov.au,Greece,,green,649.09,7/2/2022,27
430,Pamela,Andreacci,33,pandreaccibx@yellowpages.com,Peru,,green,966.13,2/19/2022,25
431,Enoch,Nozzolinii,78,enozzoliniiby@delicious.com,Venezuela,,green,610.28,11/13/2022,26
432,Yoshiko,Colquyte,22,ycolquytebz@123-reg.co.uk,Portugal,2420-144,green,639.51,3/27/2022,30
433,Cherlyn,Petersen,34,cpetersenc0@biblegateway.com,China,,blue,301.4,3/13/2022,18
434,Orv,Stonebridge,28,ostonebridgec1@facebook.com,Venezuela,,green,14.62,7/12/2022,4
435,Enrichetta,Perrie,58,eperriec2@youtube.com,China,,blue,888.62,12/28/2022,2
436,Hanni,McKellen,84,hmckellenc3@marriott.com,China,,red,739.73,9/1/2022,27
437,Uta,Jeavons,54,ujeavonsc4@boston.com,Portugal,2435-609,red,113.64,1/11/2022,16
438,Kathlin,Simester,52,ksimesterc5@ovh.net,China,,green,183.13,8/6/2022,18
439,Janis,Pym,60,jpymc6@w3.org,Poland,21-542,red,350.14,10/8/2022,22
440,Rayner,Tuffs,77,rtuffsc7@cnn.com,Yemen,,blue,831.76,12/6/2022,18
441,Falkner,Willox,41,fwilloxc8@drupal.org,Czech Republic,504 01,green,71.68,3/18/2022,26
442,Meier,Daynter,30,mdaynterc9@fc2.com,Nigeria,,green,149.8,9/2/2022,15
443,Erika,Moxsom,76,emoxsomca@icio.us,Philippines,7505,red,364.44,8/14/2022,7
444,Dory,Gelder,68,dgeldercb@tuttocitta.it,Peru,,green,952.11,5/21/2022,3
445,Arnie,Winteringham,29,awinteringhamcc@pen.io,United States,44310,blue,794.5,4/6/2022,26
446,Martyn,Shadfourth,26,mshadfourthcd@tiny.cc,Poland,23-415,red,697.83,5/8/2022,6
447,Irita,Billie,56,ibilliece@dailymail.co.uk,Ukraine,,blue,569.82,12/18/2022,20
448,Rowe,Dressel,77,rdresselcf@infoseek.co.jp,Indonesia,,green,113.99,8/25/2022,23
449,Jeth,Tawn,57,jtawncg@intel.com,Mongolia,,red,306.81,1/31/2022,21
450,Virgil,Marder,57,vmarderch@xing.com,Syria,,red,253.02,12/27/2022,26
451,Noemi,Cotter,29,ncotterci@google.de,Ghana,,blue,437.97,12/18/2022,30
452,Westbrook,Snoddon,40,wsnoddoncj@ucla.edu,Greece,,blue,225.46,9/16/2022,29
453,Laureen,Flitcroft,57,lflitcroftck@auda.org.au,China,,green,124.06,10/14/2022,14
454,Sibylle,Beardsley,60,sbeardsleycl@mail.ru,Trinidad and Tobago,,red,814.94,12/10/2022,16
455,Sam,Mozzini,84,smozzinicm@boston.com,Indonesia,,green,419.75,9/4/2022,15
456,Dinnie,Comerford,77,dcomerfordcn@census.gov,China,,green,781.75,8/22/2022,3
457,Nerita,Cornuau,57,ncornuauco@delicious.com,China,,blue,479.11,9/26/2022,12
458,Daile,Petters,79,dpetterscp@un.org,Venezuela,,blue,389.94,3/26/2022,25
459,Waverley,Jahncke,79,wjahnckecq@mac.com,Japan,886-0112,blue,297.4,10/17/2022,21
460,Kati,Risely,48,kriselycr@dailymotion.com,Kenya,,blue,971.3,10/18/2022,16
461,Lamont,Gilkison,60,lgilkisoncs@who.int,Paraguay,,red,817.49,4/29/2022,5
462,Lorrie,Waplington,75,lwaplingtonct@army.mil,China,,red,903.46,12/28/2022,1
463,Josefina,Poulter,68,jpoultercu@slideshare.net,Croatia,21485,green,556.84,10/5/2022,7
464,Kele,Godon,37,kgodoncv@360.cn,Trinidad and Tobago,,blue,184.29,3/8/2022,30
465,Pamela,McMickan,28,pmcmickancw@yandex.ru,Malaysia,46964,blue,474.92,6/16/2022,29
466,Ringo,Rawll,29,rrawllcx@reference.com,Sweden,362 23,blue,807.85,1/6/2022,27
467,Marybeth,Reicharz,40,mreicharzcy@japanpost.jp,New Zealand,7940,green,38.03,10/31/2022,23
468,Holly,Lumley,48,hlumleycz@indiegogo.com,Palestinian Territory,,blue,971.79,6/26/2022,16
469,Horacio,Winpenny,40,hwinpennyd0@paypal.com,Russia,356235,green,638.91,6/18/2022,27
470,Munroe,MacKimm,37,mmackimmd1@independent.co.uk,Vietnam,,red,229.39,5/10/2022,8
471,Felike,Gumey,85,fgumeyd2@trellian.com,Philippines,6406,blue,921.11,2/27/2022,18
472,Leanor,Bremeyer,59,lbremeyerd3@indiegogo.com,Hong Kong,,red,350.93,3/19/2022,23
473,Matelda,Atterley,19,matterleyd4@soup.io,Uganda,,red,275.52,5/3/2022,13
474,Sigmund,Moatt,42,smoattd5@zdnet.com,United States,94297,blue,705.36,8/4/2022,20
475,Tremain,Janman,82,tjanmand6@wp.com,Sweden,621 90,green,69.65,8/27/2022,22
476,Junia,Cammidge,52,jcammidged7@businessinsider.com,Kuwait,,blue,193.3,2/8/2022,11
477,Corrie,Dyas,66,cdyasd8@cdbaby.com,Indonesia,,red,94.74,5/17/2022,16
478,Hyacinthe,Brass,58,hbrassd9@quantcast.com,Colombia,055827,green,186.69,12/22/2022,27
479,Mae,Rentoll,57,mrentollda@omniture.com,South Korea,,blue,69.13,3/5/2022,26
480,Moselle,Jouannisson,61,mjouannissondb@ihg.com,Canada,L9G,red,183.47,12/7/2022,17
481,Giorgi,Sutter,85,gsutterdc@tiny.cc,China,,red,17.5,9/5/2022,26
482,Myrle,Rosell,63,mroselldd@umich.edu,Indonesia,,blue,401.16,3/23/2022,21
483,Witty,Kilgrew,57,wkilgrewde@acquirethisname.com,China,,red,573.37,9/1/2022,14
484,Jarad,Secombe,70,jsecombedf@jugem.jp,Nigeria,,red,681.98,11/25/2022,30
485,Misha,Hodge,74,mhodgedg@amazon.co.uk,Poland,62-602,red,402.48,4/27/2022,15
486,Norrie,Kynnd,19,nkynnddh@miitbeian.gov.cn,Sweden,169 70,green,346.64,10/20/2022,9
487,Corey,Klasen,23,cklasendi@dell.com,Japan,701-0301,blue,164.76,3/31/2022,22
488,Avictor,Gilfoyle,85,agilfoyledj@sourceforge.net,France,78061 CEDEX,green,976.0,3/28/2022,5
489,Mary,Velden,70,mveldendk@sciencedirect.com,Russia,353567,red,755.49,8/28/2022,12
490,Gert,Dewsnap,81,gdewsnapdl@pbs.org,Macedonia,1237,blue,917.66,7/3/2022,4
491,Selma,Ramsted,74,sramsteddm@virginia.edu,Lithuania,42006,red,764.39,8/20/2022,1
492,Hortense,Walkinshaw,60,hwalkinshawdn@cnn.com,Indonesia,,green,948.13,8/15/2022,14
493,Constantina,Hairsine,66,chairsinedo@fastcompany.com,France,79083 CEDEX 9,green,441.66,2/22/2022,5
494,Rakel,Emma,81,remmadp@mapquest.com,Peru,,red,737.69,4/19/2022,1
495,Fleur,Tarbin,60,ftarbindq@spiegel.de,Mexico,96640,blue,797.74,12/6/2022,30
496,Aymer,Branche,73,abranchedr@pagesperso-orange.fr,Sweden,441 63,blue,830.01,4/10/2022,27
497,Creight,Gentric,78,cgentricds@goo.ne.jp,United States,46278,blue,552.96,10/3/2022,23
498,Stewart,Tesche,55,steschedt@foxnews.com,Peru,,blue,84.13,6/29/2022,22
499,Sergent,Evenden,84,sevendendu@wix.com,Indonesia,,red,804.24,9/1/2022,8
500,Windy,Caldaro,68,wcaldarodv@liveinternet.ru,Czech Republic,539 01,red,437.65,1/28/2022,22
501,Gabriello,Cromblehome,40,gcromblehomedw@sakura.ne.jp,Brazil,06500-000,blue,449.13,8/2/2022,10
502,Nariko,Cunliffe,35,ncunliffedx@ameblo.jp,Peru,,green,139.97,5/21/2022,24
503,Cammi,Faughey,35,cfaugheydy@com.com,Cameroon,,green,698.77,12/8/2022,19
504,Malia,Presley,84,mpresleydz@reuters.com,Philippines,3109,blue,983.99,9/9/2022,18
505,Obadias,Hagstone,70,ohagstonee0@google.com.au,Indonesia,,blue,164.91,5/25/2022,9
506,Maryanne,Aulsford,19,maulsforde1@buzzfeed.com,Netherlands,6404,green,359.66,8/24/2022,26
507,Rich,Willox,29,rwilloxe2@sitemeter.com,Indonesia,,green,829.89,4/27/2022,28
508,Harwell,Slesser,51,hslessere3@census.gov,Madagascar,,green,760.61,4/16/2022,6
509,Alexis,Real,42,areale4@psu.edu,Brazil,11740-000,green,75.28,3/13/2022,17
510,Dorian,Westley,23,dwestleye5@surveymonkey.com,Japan,437-0026,green,491.81,7/9/2022,18
511,Albina,Marginson,69,amarginsone6@house.gov,Czech Republic,671 24,green,652.07,5/12/2022,29
512,Brande,Harley,36,bharleye7@tripadvisor.com,China,,red,631.51,7/11/2022,24
513,Sigfrid,Hare,81,sharee8@freewebs.com,Mexico,89888,green,727.23,6/17/2022,21
514,Hillard,Ollander,25,hollandere9@nydailynews.com,Sweden,692 91,red,264.52,4/3/2022,20
515,Angil,Fassan,69,afassanea@netlog.com,South Africa,0699,blue,382.79,6/3/2022,16
516,Humbert,Greason,45,hgreasoneb@yolasite.com,China,,red,444.57,6/20/2022,21
517,Leone,Sargint,58,lsargintec@fotki.com,China,,red,539.18,8/18/2022,30
518,Valerye,Petticrow,45,vpetticrowed@livejournal.com,China,,green,946.29,1/31/2022,18
519,Karie,Digges,36,kdiggesee@dmoz.org,Pakistan,72200,blue,27.59,2/1/2022,13
520,Geri,Uttermare,35,guttermareef@noaa.gov,Indonesia,,blue,325.81,4/24/2022,8
521,Selie,Beniesh,30,sbeniesheg@vkontakte.ru,Poland,07-306,red,597.85,11/13/2022,24
522,Andrew,Springall,59,aspringalleh@bravesites.com,Canada,V7X,green,250.52,4/23/2022,23
523,Mollie,Mogey,22,mmogeyei@house.gov,China,,green,348.52,11/20/2022,3
524,Lynnet,Freschi,85,lfreschiej@state.tx.us,Indonesia,,red,490.33,3/10/2022,3
525,Vanny,Simmill,72,vsimmillek@ezinearticles.com,Philippines,6820,blue,418.01,4/24/2022,13
526,Boris,Bett,43,bbettel@livejournal.com,Belarus,,green,141.09,12/9/2022,3
527,Rodney,McClelland,61,rmcclellandem@ow.ly,Philippines,4023,red,228.29,5/8/2022,15
528,Chancey,Artus,22,cartusen@intel.com,Russia,162811,green,430.74,6/1/2022,17
529,Marie-jeanne,Pridham,30,mpridhameo@nature.com,Philippines,2902,red,764.58,2/8/2022,25
530,Yasmeen,Alberts,38,yalbertsep@fda.gov,Malaysia,15572,green,357.91,8/20/2022,3
531,Dani,Rixon,28,drixoneq@eventbrite.com,Tanzania,,blue,601.81,3/14/2022,27
532,Lira,Aitcheson,56,laitchesoner@feedburner.com,Nigeria,,blue,312.44,10/31/2022,1
533,Wallache,Derrell,74,wderrelles@wp.com,China,,red,466.45,12/18/2022,2
534,Norri,Brightman,62,nbrightmanet@gmpg.org,Syria,,red,581.88,10/23/2022,8
535,Salvador,Picopp,76,spicoppeu@howstuffworks.com,Panama,,red,56.8,3/29/2022,30
536,Annamaria,Rasch,74,araschev@vk.com,Denmark,1370,red,814.99,3/30/2022,28
537,Nora,Loach,26,nloachew@cyberchimps.com,Uganda,,green,561.46,12/20/2022,27
538,Phil,de la Valette Parisot,84,pdelavaletteparisotex@mail.ru,Vietnam,,green,643.3,4/19/2022,22
539,Rupert,Jewiss,20,rjewissey@usgs.gov,Egypt,,blue,32.2,8/20/2022,19
540,Rose,Grishaev,38,rgrishaevez@mediafire.com,China,,blue,748.74,10/5/2022,10
541,Guss,Parmiter,50,gparmiterf0@cnn.com,Ukraine,,red,355.75,8/12/2022,5
542,Bent,Leaf,63,bleaff1@acquirethisname.com,Poland,63-020,blue,150.57,7/3/2022,26
543,Cyrill,Hundy,27,chundyf2@netscape.com,Slovenia,9241,blue,551.98,1/24/2022,29
544,Antonia,Bruton,43,abrutonf3@telegraph.co.uk,Peru,,blue,105.41,9/5/2022,12
545,Tresa,Wixey,52,twixeyf4@blinklist.com,Portugal,4760-743,red,142.23,3/5/2022,3
546,Ethan,Geibel,79,egeibelf5@google.de,Nigeria,,blue,446.3,3/26/2022,18
547,Ansley,Fern,27,afernf6@dedecms.com,Indonesia,,blue,803.59,12/27/2022,27
548,Sianna,Humbert,67,shumbertf7@mayoclinic.com,Portugal,2955-004,red,253.05,12/30/2022,6
549,Margaret,Matthew,47,mmatthewf8@drupal.org,Honduras,,red,906.85,11/3/2022,17
550,Gordon,Mollin,78,gmollinf9@instagram.com,Brazil,59290-000,red,551.88,5/19/2022,13
551,Ilka,Hacking,83,ihackingfa@engadget.com,Argentina,4653,red,762.02,10/7/2022,6
552,Rabi,Puckring,54,rpuckringfb@opensource.org,Benin,,blue,503.71,7/19/2022,22
553,Carly,Rickersey,77,crickerseyfc@vinaora.com,Russia,142452,blue,147.85,11/20/2022,5
554,Peggi,Blasio,35,pblasiofd@nba.com,Solomon Islands,,green,297.47,8/30/2022,27
555,Harcourt,Hammerstone,68,hhammerstonefe@icq.com,Macedonia,7316,green,850.29,8/5/2022,8
556,Cathrin,Thynn,20,cthynnff@discuz.net,Finland,31501,red,944.26,1/21/2022,30
557,Dian,Gilchrest,40,dgilchrestfg@home.pl,Iran,,green,669.33,5/29/2022,8
558,Burty,Westall,35,bwestallfh@pcworld.com,Canada,N0H,green,799.95,12/22/2022,15
559,Gage,Vasyukhichev,85,gvasyukhichevfi@msn.com,Portugal,2695-584,green,364.98,8/17/2022,2
560,Malynda,MacDonogh,23,mmacdonoghfj@seattletimes.com,Kazakhstan,,blue,483.86,11/1/2022,12
561,Germaine,Mosconi,72,gmosconifk@ed.gov,Ukraine,,red,177.51,3/9/2022,19
562,Meredithe,Boyle,71,mboylefl@sfgate.com,Indonesia,,green,533.65,3/22/2022,7
563,Urbano,Hirtzmann,43,uhirtzmannfm@mac.com,Mexico,93608,blue,559.88,8/21/2022,30
564,Whitby,Andrzejak,78,wandrzejakfn@cloudflare.com,Poland,95-047,green,837.65,10/11/2022,12
565,Hadria,Russel,27,hrusselfo@usda.gov,United States,25336,red,622.26,8/3/2022,19
566,Ferne,Fresson,50,ffressonfp@vkontakte.ru,Indonesia,,blue,17.45,4/25/2022,16
567,Desiree,Peyro,53,dpeyrofq@webmd.com,Indonesia,,green,56.05,11/26/2022,3
568,Hubert,Dalyell,58,hdalyellfr@stanford.edu,Honduras,,blue,581.71,8/3/2022,7
569,Batsheva,Stukings,78,bstukingsfs@mail.ru,Russia,625999,green,954.6,6/4/2022,8
570,Sully,Armitt,27,sarmittft@fema.gov,Sweden,566 24,blue,516.09,7/28/2022,8
571,Afton,Cheley,83,acheleyfu@jalbum.net,Tajikistan,,green,238.58,3/16/2022,5
572,Eldredge,Handlin,33,ehandlinfv@alexa.com,China,,red,241.05,12/16/2022,20
573,Ivette,Sapey,56,isapeyfw@geocities.com,Brazil,56600-000,red,721.02,8/21/2022,26
574,Shanie,Dumbare,20,sdumbarefx@ibm.com,Colombia,686029,green,532.2,2/23/2022,18
575,Bekki,Ferriday,57,bferridayfy@adobe.com,France,37072 CEDEX 2,green,63.34,7/5/2022,16
576,Astrix,Thaller,63,athallerfz@hexun.com,Australia,1171,red,809.26,2/6/2022,12
577,Inger,Withey,32,iwitheyg0@who.int,Indonesia,,red,633.28,11/23/2022,22
578,Emelina,Print,54,eprintg1@naver.com,Czech Republic,696 62,green,427.76,7/30/2022,24
579,Ogden,Huke,26,ohukeg2@fema.gov,Colombia,473029,red,649.82,2/4/2022,28
580,Dalia,Turfes,69,dturfesg3@about.me,Luxembourg,L-5659,red,183.22,10/19/2022,5
581,Sena,Mackrill,78,smackrillg4@vkontakte.ru,Indonesia,,red,283.14,8/14/2022,14
582,Loreen,Moger,52,lmogerg5@bbc.co.uk,United States,10305,blue,688.72,8/23/2022,27
583,Andie,Breheny,84,abrehenyg6@ca.gov,Ukraine,,blue,247.25,4/24/2022,9
584,Liv,Hurdwell,83,lhurdwellg7@list-manage.com,Japan,959-1855,blue,25.36,1/13/2022,10
585,Allan,Burvill,26,aburvillg8@indiatimes.com,Indonesia,,blue,472.07,3/7/2022,24
586,Carson,Maidment,51,cmaidmentg9@hugedomains.com,Mozambique,,blue,777.86,8/5/2022,27
587,Angel,Agget,67,aaggetga@free.fr,Ivory Coast,,red,138.36,6/12/2022,14
588,Rori,Guitel,75,rguitelgb@senate.gov,Kazakhstan,,red,222.31,9/22/2022,28
589,Cicily,Klimshuk,74,cklimshukgc@cbc.ca,China,,green,901.35,1/11/2022,5
590,Venus,Bowes,38,vbowesgd@samsung.com,Greece,,red,234.04,4/21/2022,28
591,Jane,Stennes,33,jstennesge@timesonline.co.uk,Estonia,,red,532.4,2/15/2022,11
592,Forrest,Wastall,50,fwastallgf@netvibes.com,China,,blue,702.14,2/20/2022,6
593,Marven,Guillart,56,mguillartgg@godaddy.com,Cameroon,,red,956.76,7/25/2022,9
594,Waverly,Tregust,83,wtregustgh@clickbank.net,Portugal,2540-557,green,962.04,9/13/2022,17
595,Gram,Mion,82,gmiongi@who.int,France,35435 CEDEX,blue,77.78,1/2/2022,13
596,Horatius,Brennan,47,hbrennangj@free.fr,China,,red,326.07,4/13/2022,17
597,Darwin,Mitkov,18,dmitkovgk@slideshare.net,Indonesia,,red,960.41,8/18/2022,14
598,Eduino,Eamer,75,eeamergl@bluehost.com,Greece,,red,780.48,3/27/2022,6
599,Sandra,Fletham,19,sflethamgm@mayoclinic.com,Indonesia,,green,108.82,7/31/2022,14
600,Estelle,Emanueli,82,eemanuelign@guardian.co.uk,Brazil,19200-000,blue,264.86,3/1/2022,14
601,Arleen,Janota,70,ajanotago@vistaprint.com,Poland,36-046,red,801.28,2/4/2022,5
602,Geordie,Hoogendorp,62,ghoogendorpgp@simplemachines.org,France,30006 CEDEX 4,red,568.59,9/14/2022,27
603,Ethan,Helwig,76,ehelwiggq@joomla.org,United States,70174,blue,444.25,9/29/2022,10
604,Davida,Aujean,73,daujeangr@bigcartel.com,Philippines,5110,red,782.34,8/24/2022,13
605,Tadio,Neissen,49,tneissengs@java.com,Argentina,3480,red,900.15,7/16/2022,12
606,Lilah,Lambie,41,llambiegt@arstechnica.com,France,38219 CEDEX,green,363.01,9/21/2022,13
607,Thatch,Saxelby,28,tsaxelbygu@google.com.hk,Czech Republic,262 23,red,332.58,10/22/2022,15
608,Melodee,Tipple,51,mtipplegv@vistaprint.com,Indonesia,,green,604.86,4/24/2022,14
609,Harald,Arnet,52,harnetgw@vimeo.com,Russia,184256,blue,888.01,3/9/2022,7
610,Darcy,Slowcock,56,dslowcockgx@surveymonkey.com,Czech Republic,739 51,red,382.25,5/23/2022,10
611,Ajay,Minster,80,aminstergy@mtv.com,Canada,L6R,green,298.66,4/30/2022,11
612,Gusta,Lacy,49,glacygz@4shared.com,Honduras,,red,139.72,3/9/2022,20
613,Angela,Soule,18,asouleh0@etsy.com,China,,green,939.4,10/21/2022,10
614,Nevile,Collison,42,ncollisonh1@godaddy.com,Brazil,35450-000,red,985.82,1/22/2022,7
615,Zuzana,Bauduccio,55,zbauduccioh2@yelp.com,Greece,,red,432.12,6/7/2022,26
616,Chelsey,Rockell,62,crockellh3@ted.com,China,,blue,732.22,9/20/2022,8
617,Natalie,Pargiter,26,npargiterh4@bigcartel.com,Brazil,18500-000,red,825.29,4/2/2022,3
618,Rustin,Mingame,71,rmingameh5@typepad.com,Russia,175310,blue,432.51,7/27/2022,10
619,Pauly,Patching,69,ppatchingh6@geocities.jp,Portugal,2785-019,green,664.97,8/7/2022,16
620,Jewel,Gerrill,33,jgerrillh7@friendfeed.com,Indonesia,,red,349.27,6/8/2022,9
621,Rice,Sails,31,rsailsh8@dell.com,Brazil,69970-000,blue,420.46,4/6/2022,23
622,Trenna,Swannick,35,tswannickh9@naver.com,Greece,,green,27.68,10/31/2022,26
623,Hannis,Knoles,76,hknolesha@accuweather.com,Brazil,95590-000,blue,155.51,6/8/2022,28
624,Kiah,Brisseau,68,kbrisseauhb@uol.com.br,Ukraine,,green,491.02,4/22/2022,19
625,Celestina,O'Hoey,59,cohoeyhc@nydailynews.com,Philippines,9317,green,477.44,10/13/2022,24
626,Ashla,Canning,27,acanninghd@china.com.cn,Czech Republic,667 01,red,929.53,3/8/2022,15
627,Arni,Gillimgham,53,agillimghamhe@ted.com,China,,blue,445.91,2/13/2022,4
628,Shermy,Fisbey,70,sfisbeyhf@usgs.gov,China,,green,359.76,10/3/2022,22
629,Trescha,Cassella,41,tcassellahg@theglobeandmail.com,China,,blue,740.3,11/26/2022,24
630,Shae,Bavin,36,sbavinhh@tumblr.com,Czech Republic,747 66,red,46.3,4/22/2022,6
631,Diena,Saer,75,dsaerhi@nationalgeographic.com,China,,red,954.24,7/17/2022,29
632,Anallise,Checketts,55,acheckettshj@amazon.de,Nigeria,,red,406.91,2/10/2022,17
633,Cherianne,Reyson,26,creysonhk@netlog.com,Indonesia,,green,970.25,6/4/2022,21
634,Luce,Piercey,31,lpierceyhl@soup.io,Philippines,6602,green,230.79,12/10/2022,3
635,Garrard,Flowers,73,gflowershm@hud.gov,China,,blue,951.55,10/22/2022,8
636,Brandi,Waitland,60,bwaitlandhn@desdev.cn,United States,98109,green,147.79,12/12/2022,16
637,Vlad,Clyant,29,vclyantho@dell.com,China,,blue,560.05,1/3/2022,2
638,Winston,Langwade,38,wlangwadehp@slideshare.net,Indonesia,,blue,909.48,7/2/2022,23
639,Charleen,Ferrarotti,71,cferrarottihq@unblog.fr,Estonia,,green,477.87,9/7/2022,23
640,Theobald,Lanning,31,tlanninghr@about.me,Liberia,,red,855.13,2/16/2022,30
641,Karim,Pope,48,kpopehs@usda.gov,Russia,601570,red,95.33,5/17/2022,13
642,Bethena,Kenan,64,bkenanht@japanpost.jp,Indonesia,,blue,73.61,7/30/2022,15
643,Vanya,Sparry,76,vsparryhu@senate.gov,China,,red,392.35,4/24/2022,18
644,Malinda,Decruse,80,mdecrusehv@tamu.edu,Indonesia,,blue,412.79,12/17/2022,14
645,Daniela,Joriot,35,djoriothw@seesaa.net,Poland,34-236,blue,780.11,5/2/2022,18
646,Hadria,Reedick,38,hreedickhx@soup.io,Greece,,blue,918.67,2/8/2022,26
647,Hamel,Menelaws,59,hmenelawshy@wikipedia.org,Poland,36-047,blue,875.49,7/8/2022,6
648,Julina,Seymark,75,jseymarkhz@livejournal.com,Russia,143020,blue,145.08,5/6/2022,18
649,Tracee,Tuttle,85,ttuttlei0@youku.com,Thailand,10310,red,505.48,3/3/2022,4
650,Pierette,De Hoogh,19,pdehooghi1@wordpress.org,Estonia,,blue,240.61,3/12/2022,25
651,Robbert,Anthonsen,54,ranthonseni2@dedecms.com,Colombia,111831,green,263.62,9/14/2022,17
652,Lexis,Balchin,20,lbalchini3@usatoday.com,Poland,43-365,green,224.49,8/18/2022,1
653,Winn,Piniur,68,wpiniuri4@woothemes.com,Kenya,,blue,276.18,4/9/2022,6
654,Zelig,MacIver,71,zmaciveri5@netvibes.com,China,,blue,793.6,2/19/2022,12
655,Free,Le Gallo,27,flegalloi6@mtv.com,Greece,,red,837.69,8/4/2022,20
656,Tarrance,Friel,19,tfrieli7@devhub.com,Czech Republic,561 53,blue,571.68,7/24/2022,20
657,Galvin,Bernakiewicz,35,gbernakiewiczi8@imgur.com,Netherlands,1209,green,451.67,11/9/2022,1
658,Perrine,Gunther,39,pguntheri9@cdbaby.com,Portugal,2565-522,blue,717.29,11/7/2022,11
659,Ardis,Stickel,48,astickelia@ft.com,Brazil,99500-000,green,136.36,12/14/2022,22
660,Lay,Karolczyk,47,lkarolczykib@craigslist.org,China,,green,761.52,3/5/2022,22
661,Hymie,Thomtson,45,hthomtsonic@scientificamerican.com,China,,green,965.6,7/11/2022,11
662,Idalina,Renon,55,irenonid@flickr.com,Cambodia,,blue,642.27,1/25/2022,9
663,Jennine,Blasiak,71,jblasiakie@squarespace.com,Ukraine,,green,811.01,1/24/2022,25
664,Elisabeth,Feldmesser,34,efeldmesserif@reverbnation.com,Paraguay,,blue,217.91,9/7/2022,30
665,Annecorinne,Godbold,69,agodboldig@sfgate.com,Canada,L2A,red,649.19,11/25/2022,9
666,Britni,Archbald,69,barchbaldih@plala.or.jp,Pakistan,78151,green,404.95,1/7/2022,10
667,Glynda,Longstreet,55,glongstreetii@51.la,United States,33686,green,903.96,4/30/2022,10
668,Durand,Hauxwell,74,dhauxwellij@tinyurl.com,China,,red,505.84,1/6/2022,21
669,Tedd,Godfery,82,tgodferyik@rediff.com,Equatorial Guinea,,green,782.25,10/10/2022,1
670,Malanie,Bourdon,82,mbourdonil@hp.com,Czech Republic,354 91,green,656.02,11/14/2022,11
671,Emmy,Brisseau,42,ebrisseauim@quantcast.com,China,,red,908.9,11/20/2022,16
672,Hilliard,Carwithim,60,hcarwithimin@marketwatch.com,Sweden,611 81,blue,520.29,3/15/2022,18
673,Myrwyn,Harsant,60,mharsantio@php.net,Kenya,,red,531.33,3/29/2022,25
674,Virginie,Esherwood,50,vesherwoodip@vimeo.com,Ireland,A85,blue,841.36,4/4/2022,19
675,Lotti,Defty,79,ldeftyiq@earthlink.net,Russia,358015,red,126.95,7/31/2022,18
676,Devland,Stubbins,45,dstubbinsir@google.co.uk,United States,97211,blue,504.14,11/17/2022,14
677,Noam,Sydall,48,nsydallis@pbs.org,Russia,607745,blue,20.75,5/5/2022,7
678,Quentin,Roake,72,qroakeit@businesswire.com,Indonesia,,blue,775.38,10/14/2022,15
679,Devin,Angelini,66,dangeliniiu@sourceforge.net,Thailand,46240,blue,730.63,3/21/2022,14
680,Felice,Hixley,78,fhixleyiv@timesonline.co.uk,Indonesia,,red,125.38,3/2/2022,6
681,Georgianna,Murty,85,gmurtyiw@desdev.cn,China,,blue,754.73,1/7/2022,12
682,Daveen,Bohea,20,dboheaix@wiley.com,China,,red,43.32,10/19/2022,3
683,Trudy,Spours,57,tspoursiy@timesonline.co.uk,Dominican Republic,11207,blue,829.04,1/5/2022,30
684,Kaela,Polsin,45,kpolsiniz@ow.ly,Papua New Guinea,,green,18.24,2/8/2022,19
685,Katy,Kedwell,54,kkedwellj0@addtoany.com,Slovenia,5222,green,543.57,3/22/2022,15
686,Aurthur,McTrustam,63,amctrustamj1@mlb.com,Brazil,64110-000,blue,684.23,5/30/2022,27
687,Pattie,Habershon,53,phabershonj2@ocn.ne.jp,China,,green,593.91,12/24/2022,20
688,Karel,Jobbins,63,kjobbinsj3@noaa.gov,Indonesia,,red,294.65,3/2/2022,29
689,Otto,Perri,65,operrij4@arstechnica.com,Russia,164670,red,96.1,8/21/2022,2
690,Manda,Drivers,56,mdriversj5@netvibes.com,Indonesia,,green,658.44,2/11/2022,15
691,Pietra,Gartell,46,pgartellj6@umich.edu,Chile,,green,739.77,10/7/2022,5
692,Titos,Upson,68,tupsonj7@ft.com,Sweden,103 50,green,493.78,1/29/2022,11
693,Lin,Skittles,49,lskittlesj8@princeton.edu,New Zealand,7940,blue,752.08,11/25/2022,3
694,Vikky,Wegener,36,vwegenerj9@cyberchimps.com,Sweden,771 50,blue,820.84,11/7/2022,18
695,Shannen,Hallgalley,22,shallgalleyja@cocolog-nifty.com,Russia,671633,green,11.71,8/7/2022,5
696,Mavra,Futter,78,mfutterjb@cloudflare.com,Thailand,61150,green,406.69,9/12/2022,15
697,Noak,Standing,29,nstandingjc@youku.com,China,,green,891.61,1/10/2022,22
698,Kelli,Towse,69,ktowsejd@squidoo.com,Dominican Republic,11302,blue,826.44,3/9/2022,5
699,Emerson,Halliwell,77,ehalliwellje@list-manage.com,Honduras,,red,225.52,5/29/2022,2
700,Horatia,Tourle,26,htourlejf@bbc.co.uk,Greece,,green,324.69,4/25/2022,11
701,Neda,Realff,74,nrealffjg@plala.or.jp,China,,blue,880.88,6/20/2022,21
702,Prue,Borland,35,pborlandjh@tuttocitta.it,Panama,,blue,961.99,7/7/2022,22
703,Hakeem,Kondratowicz,28,hkondratowiczji@dion.ne.jp,Kenya,,red,867.47,8/15/2022,27
704,Mahalia,Varker,62,mvarkerjj@dot.gov,Colombia,507009,blue,638.81,1/31/2022,27
705,Carin,Joiner,48,cjoinerjk@webeden.co.uk,Indonesia,,red,64.61,10/24/2022,29
706,Bealle,Rehor,64,brehorjl@shutterfly.com,Micronesia,,red,950.1,7/1/2022,3
707,Teddie,Macvey,69,tmacveyjm@unicef.org,China,,blue,865.65,4/18/2022,17
708,Lotti,Mullally,38,lmullallyjn@hatena.ne.jp,Uganda,,red,514.09,10/5/2022,24
709,Kiah,Sanderson,85,ksandersonjo@aboutads.info,Portugal,2705-137,green,160.37,3/31/2022,4
710,Shawna,Fenne,48,sfennejp@dailymotion.com,Brazil,63540-000,green,874.21,11/11/2022,20
711,Jeanne,Sibylla,39,jsibyllajq@stanford.edu,South Africa,4362,green,514.46,1/8/2022,28
712,Ellsworth,Roakes,65,eroakesjr@de.vu,Indonesia,,blue,860.93,3/2/2022,12
713,Calla,Hansod,73,chansodjs@taobao.com,Russia,901993,red,790.99,7/13/2022,17
714,Yard,Hedingham,63,yhedinghamjt@pinterest.com,South Africa,1980,blue,941.8,6/26/2022,24
715,Merrie,Masham,80,mmashamju@dell.com,Japan,289-3182,green,642.64,1/6/2022,2
716,Rodolfo,Curl,64,rcurljv@fastcompany.com,Poland,28-425,red,795.05,11/22/2022,28
717,Arlin,Moyne,70,amoynejw@google.com.hk,Vietnam,,red,818.63,3/6/2022,19
718,Lydia,Whetnall,26,lwhetnalljx@ask.com,Norway,0984,red,687.41,12/16/2022,19
719,Zondra,Bulgen,35,zbulgenjy@spotify.com,Japan,976-0022,green,384.62,7/17/2022,29
720,Gearard,Admans,80,gadmansjz@bloomberg.com,China,,red,329.56,4/21/2022,30
721,Burch,Mongan,47,bmongank0@etsy.com,Indonesia,,blue,261.82,12/21/2022,16
722,Emelina,Fabbro,63,efabbrok1@usa.gov,China,,red,244.85,10/1/2022,29
723,Gwyn,Trussell,47,gtrussellk2@hp.com,Argentina,1814,blue,223.75,11/30/2022,15
724,Euell,Aleshkov,61,ealeshkovk3@livejournal.com,China,,blue,890.03,10/28/2022,16
725,Elena,Echalier,42,eechalierk4@sogou.com,Indonesia,,blue,643.68,4/15/2022,9
726,Nessi,Meininking,43,nmeininkingk5@google.com.au,Netherlands,1079,green,751.96,9/23/2022,7
727,Chancey,Dainter,60,cdainterk6@blog.com,Cuba,,green,490.51,3/8/2022,10
728,Koenraad,Rogerot,78,krogerotk7@technorati.com,United States,84409,green,924.86,5/7/2022,2
729,Mickey,Blackey,78,mblackeyk8@slideshare.net,Russia,665114,red,737.74,7/22/2022,25
730,Gareth,Kloisner,80,gkloisnerk9@aol.com,Jamaica,,red,973.53,7/2/2022,2
731,Bamby,Robjant,28,brobjantka@npr.org,Portugal,2350-665,green,899.53,11/20/2022,24
732,Wallie,Searby,85,wsearbykb@psu.edu,Philippines,8117,blue,992.88,11/3/2022,27
733,Karlan,Huet,49,khuetkc@hatena.ne.jp,Norway,5098,green,911.68,1/11/2022,15
734,Hillel,MacAnespie,34,hmacanespiekd@google.com,Azerbaijan,,blue,733.48,3/11/2022,15
735,Aurore,Brownsworth,66,abrownsworthke@networkadvertising.org,Poland,43-340,blue,121.95,3/19/2022,28
736,Teressa,Workman,23,tworkmankf@gravatar.com,Armenia,,blue,378.34,12/16/2022,10
737,Vivianne,Naulls,61,vnaullskg@intel.com,Russia,353187,blue,914.75,11/23/2022,9
738,Zebulon,Howey,75,zhoweykh@globo.com,Brazil,69470-000,blue,696.77,5/18/2022,2
739,Sidoney,Manjin,65,smanjinki@latimes.com,Italy,90141,blue,517.95,12/1/2022,10
740,Lyell,Fleisch,64,lfleischkj@slideshare.net,Norway,7409,blue,583.43,5/13/2022,29
741,Matthias,Zollner,42,mzollnerkk@engadget.com,Afghanistan,,green,712.42,6/15/2022,20
742,Tobie,Sawney,53,tsawneykl@psu.edu,United States,74184,green,840.27,3/31/2022,7
743,Aidan,Bahl,28,abahlkm@miibeian.gov.cn,Portugal,6060-089,blue,593.72,5/5/2022,7
744,Darcee,Summerlad,57,dsummerladkn@google.nl,Brazil,58225-000,green,334.07,6/26/2022,30
745,Mord,Mulliner,68,mmullinerko@japanpost.jp,Ukraine,,blue,827.02,2/5/2022,25
746,Hammad,Huscroft,31,hhuscroftkp@pinterest.com,Russia,633160,blue,865.27,9/29/2022,9
747,Nils,Anglish,66,nanglishkq@theglobeandmail.com,United States,24040,red,938.32,4/29/2022,7
748,Regine,Burras,28,rburraskr@hugedomains.com,China,,blue,138.02,8/23/2022,24
749,Abagael,Sucre,29,asucreks@uiuc.edu,China,,red,799.91,2/7/2022,15
750,Allen,Crebo,43,acrebokt@patch.com,Russia,143015,blue,370.23,12/22/2022,12
751,Orella,Shalcros,81,oshalcrosku@epa.gov,France,63057 CEDEX 1,red,222.6,2/28/2022,26
752,Conny,Dougan,18,cdougankv@wsj.com,Russia,386250,red,152.26,10/2/2022,24
753,Muffin,Paulillo,53,mpaulillokw@sciencedaily.com,Portugal,2070-305,red,776.64,11/6/2022,10
754,Corrina,Fronsek,20,cfronsekkx@printfriendly.com,Cuba,,green,499.69,3/30/2022,23
755,Celine,Blesing,48,cblesingky@liveinternet.ru,Indonesia,,red,322.93,6/10/2022,7
756,Gertrudis,Mathouse,45,gmathousekz@oracle.com,Portugal,2635-121,red,566.79,9/1/2022,16
757,Philipa,Dales,32,pdalesl0@weather.com,Sweden,116 30,blue,330.83,3/26/2022,14
758,Free,Wherrett,59,fwherrettl1@aol.com,Libya,,blue,926.6,11/2/2022,2
759,Corny,Erley,19,cerleyl2@flavors.me,France,64004 CEDEX,blue,250.38,11/29/2022,18
760,Pierre,Brimmacombe,29,pbrimmacombel3@etsy.com,Japan,990-0812,green,171.37,10/27/2022,11
761,Rorke,Oglethorpe,36,roglethorpel4@naver.com,Czech Republic,561 56,red,603.18,3/30/2022,19
762,Hewe,Holsall,70,hholsalll5@wordpress.org,Paraguay,,green,968.59,7/24/2022,26
763,Con,Hollow,54,chollowl6@symantec.com,Indonesia,,green,481.93,11/30/2022,28
764,Madalena,Tollerfield,28,mtollerfieldl7@go.com,Indonesia,,red,346.56,9/19/2022,17
765,Carney,Cutridge,39,ccutridgel8@instagram.com,Mexico,59762,blue,6.95,10/25/2022,17
766,Nicol,Woolforde,64,nwoolfordel9@home.pl,China,,blue,399.36,10/21/2022,14
767,Haily,Sher,47,hsherla@illinois.edu,China,,blue,972.92,5/24/2022,14
768,Mason,Picott,85,mpicottlb@senate.gov,Indonesia,,red,442.02,11/19/2022,19
769,Mariellen,Ambrogetti,65,mambrogettilc@sciencedirect.com,Malaysia,80668,green,749.57,2/17/2022,5
770,Jacquelin,Pearmain,53,jpearmainld@narod.ru,Ireland,E45,red,929.62,8/14/2022,25
771,Tam,Cockshoot,21,tcockshootle@adobe.com,United States,89155,blue,721.28,1/1/2022,3
772,Falito,Deeth,52,fdeethlf@1und1.de,Zambia,,blue,172.96,2/27/2022,20
773,Darwin,Calbrathe,53,dcalbrathelg@accuweather.com,France,95809 CEDEX,green,659.68,2/5/2022,15
774,Zandra,Dat,28,zdatlh@live.com,China,,green,440.08,1/16/2022,1
775,Fallon,De Witt,77,fdewittli@shinystat.com,Syria,,green,699.4,4/27/2022,22
776,Brandyn,Durran,79,bdurranlj@liveinternet.ru,United States,85205,red,17.6,9/7/2022,19
777,Katya,Harry,58,kharrylk@ihg.com,Indonesia,,red,915.02,1/7/2022,18
778,Leia,Bronot,18,lbronotll@eventbrite.com,Palestinian Territory,,red,870.58,12/26/2022,19
779,Ethelred,Reilingen,58,ereilingenlm@aboutads.info,China,,green,554.12,10/13/2022,1
780,Savina,Guage,73,sguageln@flickr.com,France,06239 CEDEX,red,537.15,1/29/2022,30
781,Heath,Ancell,35,hancelllo@tuttocitta.it,Panama,,green,619.36,5/20/2022,2
782,Cristy,Blase,62,cblaselp@rediff.com,Philippines,4207,green,495.75,1/29/2022,28
783,Adoree,Gleader,36,agleaderlq@archive.org,France,62411 CEDEX,red,804.06,6/16/2022,29
784,Rice,Loosley,26,rloosleylr@hc360.com,China,,red,90.71,5/9/2022,25
785,Jessamine,McLice,78,jmclicels@omniture.com,Japan,509-4122,blue,29.18,12/7/2022,8
786,Nanice,O'Sculley,31,nosculleylt@webeden.co.uk,China,,green,104.05,4/2/2022,9
787,Anna-maria,Davioud,25,adavioudlu@hud.gov,Philippines,6604,red,126.25,12/2/2022,27
788,Caz,Humbell,42,chumbelllv@amazon.com,Iceland,172,red,159.43,1/20/2022,19
789,Dorette,Amis,29,damislw@ycombinator.com,China,,red,742.56,12/27/2022,19
790,Scotty,Tuminelli,27,stuminellilx@xrea.com,Brazil,76380-000,green,450.3,8/15/2022,8
791,Harri,Galiero,40,hgalieroly@microsoft.com,Peru,,red,322.65,6/26/2022,23
792,Woodrow,Danielski,49,wdanielskilz@dmoz.org,Indonesia,,red,259.14,3/1/2022,28
793,Mickie,Plott,19,mplottm0@trellian.com,Indonesia,,blue,862.6,4/18/2022,21
794,Francklyn,Oulet,52,fouletm1@issuu.com,Russia,601120,red,733.17,12/8/2022,26
795,Amity,Herkess,79,aherkessm2@com.com,Brazil,15990-000,blue,391.63,10/2/2022,4
796,Clay,Kavanagh,23,ckavanaghm3@merriam-webster.com,Russia,366702,blue,320.16,4/19/2022,1
797,Davita,Bettam,24,dbettamm4@imageshack.us,Portugal,4610-572,blue,574.46,9/28/2022,26
798,Sanders,Leverson,50,sleversonm5@chicagotribune.com,Indonesia,,blue,627.25,3/30/2022,12
799,Karry,Holligan,33,kholliganm6@miitbeian.gov.cn,Poland,87-730,red,348.57,8/4/2022,4
800,Nikolas,Kernoghan,28,nkernoghanm7@skyrock.com,China,,red,387.8,8/28/2022,1
801,Phillida,Tritton,75,ptrittonm8@psu.edu,Uruguay,,green,862.39,5/23/2022,13
802,Keelia,Kinker,18,kkinkerm9@wired.com,Thailand,21140,blue,715.79,4/12/2022,9
803,Flinn,Wilflinger,46,fwilflingerma@ftc.gov,Uganda,,green,212.67,3/29/2022,14
804,Karin,Roake,72,kroakemb@livejournal.com,Poland,33-395,green,482.93,4/13/2022,20
805,Elyssa,Quilligan,27,equilliganmc@usgs.gov,China,,green,365.38,3/7/2022,27
806,Blondelle,Woolam,56,bwoolammd@xing.com,China,,red,487.42,4/24/2022,13
807,Tessa,Rozanski,37,trozanskime@freewebs.com,Russia,628210,green,823.7,3/5/2022,1
808,Lind,Meo,82,lmeomf@blogtalkradio.com,Sweden,415 17,red,680.31,3/10/2022,28
809,Jerrome,Toffaloni,83,jtoffalonimg@quantcast.com,Philippines,4216,blue,870.78,8/26/2022,23
810,Godiva,McFall,84,gmcfallmh@smh.com.au,Malta,DGL,green,907.09,3/17/2022,17
811,Odey,Petrov,66,opetrovmi@auda.org.au,Philippines,4501,blue,933.94,2/6/2022,19
812,Arv,Shearmur,55,ashearmurmj@plala.or.jp,China,,green,520.72,3/9/2022,24
813,Carolee,Gerrans,65,cgerransmk@shutterfly.com,Ukraine,,blue,247.86,12/24/2022,21
814,Celestine,Lishman,30,clishmanml@craigslist.org,Kazakhstan,,green,118.56,7/24/2022,9
815,Erick,Bengefield,54,ebengefieldmm@gmpg.org,Japan,999-6861,blue,520.2,6/12/2022,15
816,Noelyn,Kimbell,49,nkimbellmn@fc2.com,Niger,,blue,714.01,6/26/2022,10
817,Evy,Bentame,36,ebentamemo@salon.com,Nigeria,,blue,950.53,8/7/2022,21
818,Reidar,Lambe,78,rlambemp@hugedomains.com,China,,red,150.22,8/13/2022,27
819,Laurice,Creswell,69,lcreswellmq@gov.uk,Greece,,green,653.05,11/30/2022,8
820,Boy,Knapton,83,bknaptonmr@dagondesign.com,Sweden,171 14,red,322.52,9/21/2022,30
821,Sophey,Hills,73,shillsms@toplist.cz,Indonesia,,red,736.05,1/4/2022,13
822,Wileen,Cordelet,80,wcordeletmt@exblog.jp,Poland,57-215,blue,465.71,3/11/2022,11
823,Leodora,Carrane,48,lcarranemu@sciencedaily.com,France,49905 CEDEX 9,green,150.07,1/4/2022,29
824,Thornie,Banger,37,tbangermv@loc.gov,Azerbaijan,,green,275.88,2/5/2022,12
825,Renata,Fagan,68,rfaganmw@t.co,Indonesia,,red,920.69,5/1/2022,14
826,Janene,Rule,35,jrulemx@admin.ch,China,,blue,608.77,4/21/2022,6
827,Edmon,Fausset,61,efaussetmy@ovh.net,China,,green,593.09,10/19/2022,2
828,Wye,Eddis,84,weddismz@weather.com,Indonesia,,blue,729.25,8/10/2022,3
829,Emilee,Gloves,55,eglovesn0@europa.eu,Syria,,green,463.27,6/10/2022,14
830,Neil,Harmston,66,nharmstonn1@merriam-webster.com,China,,blue,398.25,6/21/2022,25
831,Valentino,McAmish,63,vmcamishn2@altervista.org,Greece,,red,934.15,3/5/2022,21
832,Arabela,MacLure,23,amacluren3@1und1.de,Jamaica,,red,329.46,7/26/2022,12
833,Klara,Morsley,73,kmorsleyn4@sfgate.com,Brazil,49390-000,blue,14.39,4/4/2022,21
834,Alonso,Corriea,63,acorriean5@mayoclinic.com,Colombia,252257,red,760.83,3/31/2022,30
835,Rahel,Oakenfull,79,roakenfulln6@cdc.gov,Morocco,,green,584.31,5/19/2022,18
836,Frazer,Clayal,36,fclayaln7@nasa.gov,Indonesia,,blue,480.46,1/26/2022,1
837,Grace,Scraggs,81,gscraggsn8@vimeo.com,Indonesia,,red,458.85,12/15/2022,18
838,Mufi,Jarritt,51,mjarrittn9@ibm.com,China,,green,990.86,6/13/2022,6
839,Ruttger,Skin,78,rskinna@eepurl.com,Sweden,784 55,red,96.38,8/25/2022,19
840,Hadrian,Robertot,39,hrobertotnb@cocolog-nifty.com,Japan,999-1413,red,306.4,12/14/2022,15
841,Kellby,Vanichkov,50,kvanichkovnc@springer.com,China,,blue,396.91,5/25/2022,7
842,Eachelle,Pesselt,72,epesseltnd@google.com.hk,China,,green,389.36,2/18/2022,7
843,Jarrad,Oxtiby,78,joxtibyne@pen.io,Russia,309000,blue,142.71,11/28/2022,17
844,Cleo,Hackin,73,chackinnf@netscape.com,Russia,397100,red,847.87,3/8/2022,18
845,Brunhilde,Pocknell,37,bpocknellng@squidoo.com,China,,blue,399.88,5/28/2022,27
846,Elmore,Clyant,22,eclyantnh@ucla.edu,Philippines,9206,blue,88.92,11/14/2022,21
847,Gardiner,Quan,40,gquanni@state.gov,Brazil,78550-000,blue,903.5,10/19/2022,30
848,Patrick,Stopher,40,pstophernj@tuttocitta.it,Indonesia,,blue,317.89,5/1/2022,8
849,Corliss,Calabry,48,ccalabrynk@cbsnews.com,China,,green,939.96,6/25/2022,25
850,Philomena,Van Daalen,72,pvandaalennl@bizjournals.com,Indonesia,,red,56.34,2/19/2022,2
851,Cris,Tindall,81,ctindallnm@t.co,China,,blue,89.33,2/19/2022,4
852,Alvin,Tompkinson,64,atompkinsonnn@cdbaby.com,China,,blue,699.57,3/21/2022,19
853,Vivienne,Nobles,74,vnoblesno@github.com,Indonesia,,blue,552.91,3/25/2022,30
854,Shirleen,Greeno,64,sgreenonp@myspace.com,Uganda,,red,484.2,12/3/2022,11
855,Sarita,Eggle,24,segglenq@time.com,China,,green,473.54,9/22/2022,25
856,Willyt,MacCulloch,27,wmaccullochnr@patch.com,Thailand,45150,green,940.97,5/19/2022,20
857,Elisa,Henmarsh,26,ehenmarshns@shareasale.com,China,,red,205.91,11/30/2022,30
858,Waldemar,Allingham,45,wallinghamnt@sbwire.com,Poland,37-303,green,231.66,6/11/2022,20
859,Ortensia,Gillaspy,42,ogillaspynu@unc.edu,Brazil,55560-000,red,834.82,9/7/2022,28
860,Gaylord,Pristnor,45,gpristnornv@boston.com,Indonesia,,blue,441.08,3/26/2022,17
861,Tirrell,Lambswood,30,tlambswoodnw@drupal.org,France,91009 CEDEX,red,287.76,9/4/2022,14
862,Cecile,Furmagier,21,cfurmagiernx@miitbeian.gov.cn,Indonesia,,red,845.61,2/22/2022,24
863,Kalle,Eplate,64,keplateny@oaic.gov.au,Japan,357-0211,blue,3.95,2/28/2022,20
864,Rube,Voysey,28,rvoyseynz@sourceforge.net,Iran,,blue,998.68,9/25/2022,5
865,Lottie,Brotheridge,68,lbrotheridgeo0@deliciousdays.com,Philippines,4125,red,678.32,3/31/2022,22
866,Caryn,Gentsch,59,cgentscho1@topsy.com,China,,red,69.74,7/2/2022,15
867,Samaria,Simeon,62,ssimeono2@vkontakte.ru,Myanmar,,red,620.99,11/1/2022,25
868,Marv,McCrohon,66,mmccrohono3@dailymotion.com,Italy,84135,green,270.91,3/16/2022,16
869,Fabio,Brugmann,18,fbrugmanno4@sitemeter.com,Swaziland,,blue,490.07,5/11/2022,15
870,Myra,Okie,23,mokieo5@deviantart.com,Russia,142191,blue,779.14,7/28/2022,15
871,Annie,Audley,42,aaudleyo6@google.com.br,New Caledonia,98839,green,326.39,2/17/2022,3
872,Randall,Chatband,36,rchatbando7@diigo.com,Uruguay,,blue,190.87,3/12/2022,15
873,Catha,Geockle,49,cgeockleo8@google.it,Iran,,red,554.26,3/18/2022,12
874,Lucina,Bony,22,lbonyo9@dion.ne.jp,China,,blue,640.66,3/26/2022,5
875,Deeanne,Gledhall,27,dgledhalloa@hp.com,China,,blue,517.01,7/9/2022,21
876,Danit,Dictus,50,ddictusob@dailymotion.com,Czech Republic,679 53,red,347.02,9/25/2022,11
877,Retha,Belliveau,77,rbelliveauoc@altervista.org,Mongolia,,blue,113.47,5/24/2022,9
878,Ad,Jojic,33,ajojicod@de.vu,Bulgaria,7219,green,971.71,1/1/2022,14
879,Adi,Besantie,30,abesantieoe@cyberchimps.com,Poland,01-943,red,951.62,10/17/2022,7
880,Kalina,Yellowlees,43,kyellowleesof@adobe.com,China,,red,173.95,8/8/2022,2
881,Bradley,Formilli,74,bformilliog@home.pl,United States,77090,green,429.34,12/25/2022,26
882,Dee dee,Wanless,74,dwanlessoh@indiegogo.com,Sweden,121 63,blue,865.3,7/5/2022,11
883,Annnora,Gilberthorpe,20,agilberthorpeoi@whitehouse.gov,Serbia,,blue,325.44,8/5/2022,3
884,Lainey,Scrymgeour,41,lscrymgeouroj@issuu.com,Vietnam,,green,796.18,6/14/2022,7
885,Samuele,Sheldon,53,ssheldonok@fema.gov,China,,red,68.34,7/26/2022,8
886,Benton,Inchboard,26,binchboardol@nhs.uk,China,,green,245.53,4/28/2022,5
887,Wallace,Gossage,33,wgossageom@sphinn.com,Russia,396841,blue,126.32,10/23/2022,2
888,Dusty,Dellenbrook,34,ddellenbrookon@sphinn.com,Indonesia,,blue,913.94,3/5/2022,24
889,Adolf,Dressel,85,adresseloo@typepad.com,Sweden,747 43,blue,989.44,11/26/2022,27
890,Igor,Tumpane,79,itumpaneop@over-blog.com,Indonesia,,red,602.02,6/9/2022,13
891,Katine,Kerfoot,75,kkerfootoq@homestead.com,Armenia,,blue,662.21,11/4/2022,28
892,Debora,Willoughway,30,dwilloughwayor@com.com,Indonesia,,red,728.6,6/4/2022,7
893,Gwenneth,Jeffrey,60,gjeffreyos@craigslist.org,Kazakhstan,,blue,708.66,7/24/2022,13
894,Yasmin,Teresse,22,yteresseot@shinystat.com,Ukraine,,blue,248.65,7/5/2022,7
895,Yvonne,Markus,35,ymarkusou@twitpic.com,Philippines,1080,blue,922.32,3/15/2022,24
896,Dorian,Bernardon,38,dbernardonov@deviantart.com,Indonesia,,green,629.2,4/12/2022,15
897,Artair,Dielhenn,76,adielhennow@cbslocal.com,China,,red,346.34,3/26/2022,5
898,Nealon,Costelow,78,ncostelowox@elpais.com,Costa Rica,40101,red,482.16,3/30/2022,19
899,Arly,de Banke,32,adebankeoy@e-recht24.de,Botswana,,green,231.44,1/2/2022,15
900,Edna,Holley,23,eholleyoz@who.int,Portugal,6160-402,red,491.63,10/27/2022,22
901,Xerxes,Gordon,62,xgordonp0@chicagotribune.com,Libya,,green,375.17,9/21/2022,20
902,Doralia,Milroy,65,dmilroyp1@amazon.co.uk,Norway,0591,red,631.0,8/8/2022,23
903,Revkah,Paaso,75,rpaasop2@canalblog.com,Poland,96-130,green,393.17,9/11/2022,28
904,Lawry,Atchly,53,latchlyp3@ycombinator.com,Poland,61-731,green,606.44,5/17/2022,6
905,Colet,Linfield,52,clinfieldp4@e-recht24.de,Poland,05-806,red,537.55,12/17/2022,19
906,Merrile,MacCall,28,mmaccallp5@ucsd.edu,Peru,,green,240.53,2/26/2022,24
907,Dollie,Kliemann,77,dkliemannp6@elpais.com,Portugal,5150-015,blue,535.51,3/19/2022,4
908,Jermayne,Maynell,73,jmaynellp7@csmonitor.com,China,,blue,532.38,10/30/2022,8
909,Ramsey,Kilbride,32,rkilbridep8@pcworld.com,Ivory Coast,,blue,508.66,2/17/2022,25
910,Emery,Wondraschek,21,ewondraschekp9@hc360.com,Russia,309273,blue,128.03,12/30/2022,21
911,Gib,Woodlands,78,gwoodlandspa@youku.com,Brazil,35650-000,red,629.53,7/18/2022,5
912,Marshal,McClenaghan,25,mmcclenaghanpb@upenn.edu,China,,blue,448.76,1/1/2022,29
913,Maribelle,Joberne,67,mjobernepc@toplist.cz,Russia,186424,blue,749.66,9/28/2022,18
914,Dyanna,Finicj,49,dfinicjpd@nba.com,China,,red,121.51,7/26/2022,26
915,Myranda,Mapes,54,mmapespe@scientificamerican.com,Indonesia,,blue,267.22,4/24/2022,15
916,Renae,Giamelli,36,rgiamellipf@jalbum.net,South Africa,8570,green,229.24,1/4/2022,13
917,Hewitt,McGinney,52,hmcginneypg@disqus.com,China,,green,238.68,5/13/2022,6
918,Lynea,Strudwick,63,lstrudwickph@huffingtonpost.com,Portugal,5070-227,green,60.35,12/21/2022,20
919,Zsazsa,Parish,46,zparishpi@guardian.co.uk,China,,red,456.42,2/11/2022,5
920,Sarina,Barrie,71,sbarriepj@twitter.com,France,91049 CEDEX,blue,377.81,3/13/2022,29
921,Blinny,Laux,29,blauxpk@blogtalkradio.com,New Zealand,2110,green,494.46,12/29/2022,16
922,Ferdy,Macartney,79,fmacartneypl@twitter.com,China,,green,11.93,10/12/2022,6
923,Chlo,Kroll,81,ckrollpm@usatoday.com,Ukraine,,green,626.66,1/26/2022,26
924,Ethyl,Dicky,58,edickypn@independent.co.uk,China,,red,337.42,7/29/2022,28
925,Alison,Runsey,51,arunseypo@vistaprint.com,Peru,,red,306.78,8/1/2022,2
926,Letta,Aldrick,65,laldrickpp@webnode.com,Brazil,55515-000,red,673.39,11/8/2022,9
927,Allis,Butterfill,67,abutterfillpq@bbb.org,China,,green,696.44,12/20/2022,12
928,Vinita,Boseley,49,vboseleypr@hubpages.com,Indonesia,,blue,757.93,10/3/2022,13
929,Raddie,Endricci,55,rendriccips@hexun.com,Brazil,78950-000,blue,812.93,1/29/2022,23
930,Rosabella,Hylton,34,rhyltonpt@businesswire.com,Nigeria,,blue,359.04,11/23/2022,21
931,Stearne,Antonchik,85,santonchikpu@nba.com,Sweden,684 91,blue,360.85,11/9/2022,19
932,Sabrina,Mac,85,smacpv@prnewswire.com,China,,red,330.12,7/9/2022,2
933,Frankie,Dring,66,fdringpw@howstuffworks.com,Syria,,red,484.46,12/21/2022,19
934,Vasili,Levensky,33,vlevenskypx@netvibes.com,Russia,453663,blue,47.72,10/9/2022,1
935,Barbara,Quittonden,81,bquittondenpy@indiegogo.com,Indonesia,,green,170.33,4/24/2022,11
936,Eryn,MacCrossan,64,emaccrossanpz@un.org,France,69902 CEDEX 20,blue,754.37,1/30/2022,9
937,Nobie,Esel,76,neselq0@barnesandnoble.com,Philippines,1096,green,727.35,10/21/2022,29
938,Charline,Kyncl,20,ckynclq1@sun.com,Costa Rica,11403,blue,241.82,8/25/2022,19
939,Miguel,Georgescu,75,mgeorgescuq2@yandex.ru,Canada,H9K,blue,787.42,11/24/2022,22
940,Lottie,Garmon,46,lgarmonq3@youku.com,Russia,442895,blue,624.79,5/22/2022,16
941,Bartholomew,Heighton,81,bheightonq4@comsenz.com,Mexico,86350,red,639.96,12/29/2022,26
942,Zelig,O'Lynn,37,zolynnq5@deviantart.com,Ukraine,,green,131.8,11/17/2022,17
943,Jere,Forty,30,jfortyq6@ucoz.ru,Thailand,10290,blue,727.02,3/9/2022,20
944,Barbaraanne,Dearness,52,bdearnessq7@arizona.edu,Palestinian Territory,,green,32.2,12/25/2022,8
945,Tara,L'argent,18,tlargentq8@skype.com,China,,blue,446.82,1/21/2022,6
946,Gibby,Dray,79,gdrayq9@g.co,Philippines,9205,red,337.66,4/6/2022,2
947,Celinda,Greenall,77,cgreenallqa@icio.us,China,,green,482.61,5/26/2022,4
948,Katuscha,Acott,79,kacottqb@sciencedaily.com,Russia,607910,blue,431.73,10/20/2022,7
949,Ximenes,Gilffilland,80,xgilffillandqc@economist.com,Indonesia,,blue,911.32,9/30/2022,30
950,Lowell,Zanneli,29,lzanneliqd@cafepress.com,Brazil,18480-000,blue,146.48,10/18/2022,9
951,Robbie,Vanichkin,27,rvanichkinqe@state.tx.us,China,,red,469.11,5/14/2022,21
952,Vaughn,Hawtry,38,vhawtryqf@soundcloud.com,Peru,,green,470.2,2/1/2022,24
953,Astrix,Porch,59,aporchqg@twitter.com,Sri Lanka,11500,green,161.14,9/18/2022,9
954,Fairfax,Badsey,85,fbadseyqh@home.pl,Brazil,38180-000,green,50.99,6/9/2022,2
955,Den,Mawdsley,21,dmawdsleyqi@imgur.com,Poland,97-217,blue,799.5,5/15/2022,17
956,Madelon,Langfield,59,mlangfieldqj@blog.com,Argentina,6132,blue,105.67,2/13/2022,15
957,Enrichetta,Meach,45,emeachqk@cpanel.net,Japan,379-2166,green,113.1,1/27/2022,15
958,Gloriane,Nurse,34,gnurseql@addtoany.com,Poland,63-640,green,102.99,11/12/2022,4
959,Ewell,Lennarde,26,elennardeqm@sfgate.com,France,75270 CEDEX 06,green,968.01,8/20/2022,23
960,Addison,Roussel,29,arousselqn@odnoklassniki.ru,Haiti,,green,98.39,1/24/2022,4
961,Elinore,Innerstone,47,einnerstoneqo@1und1.de,South Korea,,blue,725.18,4/10/2022,24
962,Huntlee,Duignan,67,hduignanqp@hud.gov,Indonesia,,red,179.64,4/20/2022,22
963,Christiana,Sime,34,csimeqq@squidoo.com,Czech Republic,436 03,green,665.52,1/16/2022,3
964,Nataniel,Popland,46,npoplandqr@amazon.com,China,,red,735.03,6/5/2022,20
965,Melitta,Egglestone,30,megglestoneqs@eventbrite.com,Indonesia,,green,439.31,9/16/2022,17
966,Orbadiah,Gentry,52,ogentryqt@slideshare.net,China,,red,700.22,4/24/2022,25
967,Arluene,Finnan,28,afinnanqu@domainmarket.com,China,,blue,158.63,4/14/2022,17
968,Kirstyn,Van Velde,85,kvanveldeqv@apache.org,Mexico,95590,green,623.94,1/13/2022,26
969,Mureil,Bosher,61,mbosherqw@dion.ne.jp,China,,red,418.85,4/12/2022,9
970,Marilin,Dewan,62,mdewanqx@tinyurl.com,Japan,639-1156,green,131.77,10/23/2022,30
971,Corrie,Strainge,50,cstraingeqy@tmall.com,United States,24034,green,271.62,8/5/2022,10
972,Filip,Deverock,46,fdeverockqz@imdb.com,Armenia,,green,857.34,5/17/2022,7
973,Lexy,Toothill,38,ltoothillr0@prlog.org,China,,blue,892.62,5/5/2022,6
974,Emyle,Wicks,38,ewicksr1@dailymotion.com,Palestinian Territory,,blue,755.85,11/23/2022,17
975,Yurik,Conerding,62,yconerdingr2@gmpg.org,Czech Republic,675 02,blue,388.11,12/21/2022,30
976,Mary,Cuvley,59,mcuvleyr3@booking.com,China,,green,908.36,6/29/2022,22
977,Ewart,Chalcroft,29,echalcroftr4@usda.gov,Bolivia,,green,120.29,8/3/2022,9
978,Harriett,Illingworth,19,hillingworthr5@illinois.edu,Australia,1033,green,866.65,7/14/2022,15
979,Elaina,Sanney,49,esanneyr6@list-manage.com,Brazil,14900-000,blue,589.04,2/6/2022,1
980,Ulysses,Panswick,73,upanswickr7@loc.gov,China,,blue,864.24,4/17/2022,30
981,Graig,Perren,58,gperrenr8@bluehost.com,Japan,507-0901,green,666.75,4/7/2022,15
982,Bab,Timeby,43,btimebyr9@opera.com,Indonesia,,green,36.07,8/23/2022,15
983,Lucy,Benka,23,lbenkara@cocolog-nifty.com,Iran,,red,574.52,2/18/2022,17
984,Lorilee,Tschierse,40,ltschierserb@nba.com,China,,blue,528.11,10/20/2022,23
985,Cherri,Cordaroy,42,ccordaroyrc@chronoengine.com,China,,blue,57.37,8/26/2022,2
986,Minni,Loache,53,mloacherd@flickr.com,Mexico,41240,green,573.32,6/9/2022,18
987,Marketa,Mees,72,mmeesre@wikimedia.org,Democratic Republic of the Congo,,green,221.71,10/15/2022,4
988,Gaston,Fassmann,28,gfassmannrf@mashable.com,China,,green,483.12,8/5/2022,14
989,Elene,Bier,23,ebierrg@facebook.com,Uzbekistan,,red,591.0,9/27/2022,19
990,Karlen,Larwood,40,klarwoodrh@flickr.com,Armenia,,green,837.29,2/17/2022,5
991,Bartholomeus,Tummond,77,btummondri@php.net,Russia,363220,green,438.32,7/4/2022,15
992,Margaret,Grandison,84,mgrandisonrj@jigsy.com,Russia,142817,green,102.13,2/28/2022,4
993,Jone,Iorizzi,53,jiorizzirk@soup.io,Jordan,,red,854.86,9/18/2022,18
994,Ichabod,Shulem,26,ishulemrl@booking.com,Philippines,9407,blue,790.81,10/20/2022,27
995,Manya,Alphonso,18,malphonsorm@miitbeian.gov.cn,Poland,26-330,red,855.47,8/23/2022,7
996,Rana,Cuberley,47,rcuberleyrn@home.pl,China,,green,21.78,10/17/2022,16
997,Roarke,Jerrard,27,rjerrardro@umich.edu,China,,red,317.85,1/30/2022,19
998,Gabriele,Jeanequin,68,gjeanequinrp@discovery.com,Russia,606735,green,795.79,9/3/2022,11
999,Chloe,Brazil,58,cbrazilrq@quantcast.com,Philippines,3303,green,415.14,8/11/2022,15
1000,Eliza,Barradell,36,ebarradellrr@themeforest.net,Portugal,4640-301,blue,205.25,2/23/2022,26
